cgc_id,sequence,subFinder_high_level_substr,JF_high_level_substr,probability_score,p_value
MGYG000297053_4|CGC4,"1.A.13,Sigma70_r2|Sigma70_r4_2,null,GH5_25|CBM4",beta-glucan,beta-glucan,0.4633333333333333,0.982421875
MGYG000297316_8|CGC1,"1.A.14,8.A.59,LytTR,GH16_3,1.B.14,GH3,GerE,null,4.F.1,null,null,9.B.99,null,8.A.59",beta-glucan,beta-glucan,0.7333333333333333,0.0
MGYG000297073_6|CGC1,"1.A.23,GH3,LexA_DNA_bind,null,3.A.7,null,GH23,null,GH3,null,GH16_3,1.B.14",beta-glucan,beta-glucan,0.654,0.0
MGYG000297301_30|CGC1,"1.A.23,GT5,GH13_10,GH77,GH13_26,null,CBM48|GH13_11",starch,starch,0.538,0.059234619140625
MGYG000296091_11|CGC1,"1.A.46,null,GH1,3.A.1,3.A.1,3.A.1,3.A.1,3.A.1,GH16_3",beta-glucan,beta-glucan,0.6426666666666667,0.0
MGYG000296892_1|CGC1,"1.A.8,GH0,null,GH16_3,null,GH149,GH17,GH30_1,GH17,GH17",beta-glucan,beta-glucan,0.5586666666666668,3.0517578125e-05
MGYG000296324_1|CGC3,"1.B.14,2.A.2,GH1",beta-glucan,beta-glucan,0.5619999999999999,0.003692626953125
MGYG000296259_2|CGC1,"1.B.14,8.A.46,1.B.14,FecR,GerE,GH163,CBM9,3.D.10,3.D.10,null,null,9.A.8",host glycan,host glycan,0.6926666666666667,0.0
MGYG000296863_11|CGC1,"1.B.14,8.A.46,CBM4,null,GH0,null,GH16_3,null,GH149,GH17,GH17,GH30_1,GH17,GH17",beta-glucan,beta-glucan,0.648,0.0
MGYG000296350_1|CGC2,"1.B.14,8.A.46,CBM4|CBM4,GH16_3,null,GH149,GH17,GH30_1,GH17,GH17",beta-glucan,beta-glucan,0.6366666666666667,0.0
MGYG000296145_3|CGC2,"1.B.14,8.A.46,CBM4|CBM4,null,GH16_3,GH16_3,GT30",beta-glucan,beta-glucan,0.8126666666666666,0.0
MGYG000296748_36|CGC1,"1.B.14,8.A.46,GH105,null,LacI,2.A.1",pectin,pectin,0.74,0.0
MGYG000297053_2|CGC10,"1.B.14,8.A.46,GH117|GH117",pectin,pectin,0.3666666666666666,0.999969482421875
MGYG000296081_9|CGC1,"1.B.14,8.A.46,GH144,CE1,GH144,null,GH3,null,null,2.A.1,GH97",beta-glucan,beta-glucan,0.5619999999999999,0.00048828125
MGYG000296109_13|CGC1,"1.B.14,8.A.46,GH144,GH144,null,GH3",beta-glucan,beta-glucan,0.4066666666666666,0.999969482421875
MGYG000297285_24|CGC1,"1.B.14,8.A.46,GH16_3,null,null,1.B.14",beta-glucan,beta-glucan,0.69,0.0
MGYG000296075_9|CGC2,"1.B.14,8.A.46,GH33,GH20",host glycan,host glycan,0.7993333333333333,0.0
MGYG000297053_18|CGC1,"1.B.14,8.A.46,GH92,GH47,GH92",host glycan,host glycan,0.6786666666666666,0.0
MGYG000296436_32|CGC2,"1.B.14,8.A.46,GntR,GH28,null,null,GH89",pectin,pectin,0.6866666666666668,0.0
MGYG000297149_16|CGC3,"1.B.14,8.A.46,null,GH13_10,GH13_2,GH97",starch,starch,0.7766666666666667,0.0
MGYG000297246_4|CGC3,"1.B.14,8.A.46,null,GH16_3,GH16_3,GH0,null,GH16_3,CBM4|CBM4,GH3",beta-glucan,beta-glucan,0.824,0.0
MGYG000296848_1|CGC5,"1.B.14,8.A.46,null,GH16_3,GH17,GH81|CBM6,GH149,GH30_1,GH16_3,2.A.1",beta-glucan,beta-glucan,0.6799999999999999,0.0
MGYG000297249_80|CGC1,"1.B.14,8.A.46,null,GH16_3,GH3,2.A.21",beta-glucan,beta-glucan,0.6853333333333332,0.0
MGYG000296090_5|CGC2,"1.B.14,8.A.46,null,GH16_3,GH3,2.A.21,NUDIX,null,1.B.14",beta-glucan,beta-glucan,0.7586666666666667,0.0
MGYG000296036_108|CGC1,"1.B.14,8.A.46,null,GH16_3,GH3,GH16_3",beta-glucan,beta-glucan,0.7393333333333333,0.0
MGYG000297032_9|CGC2,"1.B.14,8.A.46,null,GH16_3,null,GH3,GH149,GH158,GH17,GH30_1",beta-glucan,beta-glucan,0.7406666666666666,0.0
MGYG000296142_2|CGC3,"1.B.14,8.A.46,null,GH16_3|GH16_3",beta-glucan,beta-glucan,0.6286666666666666,0.0
MGYG000296191_20|CGC2,"1.B.14,8.A.46,null,GH30_3,GH30_1",beta-glucan,beta-glucan,0.528,0.017578125
MGYG000297041_11|CGC1,"1.B.14,8.A.46,null,GH5_46|CBM6|CBM6,GH16_3",beta-glucan,beta-glucan,0.5913333333333334,0.0
MGYG000297416_19|CGC2,"1.B.14,8.A.46,null,PL1_2,CE8,GH28,CE12,PL1_2",pectin,pectin,0.9413333333333332,0.0
MGYG000297446_1|CGC4,"1.B.14,8.A.46,null,null,GH144,GH144,CE1,GH3",beta-glucan,beta-glucan,0.488,0.696380615234375
MGYG000296273_4|CGC1,"1.B.14,8.A.46,null,null,GH16_3,GH3,GH16_3,GT30,Aminotran_1_2,9.B.105",beta-glucan,beta-glucan,0.696,0.0
MGYG000296736_120|CGC1,"1.B.14,8.A.46,null,null,GH20,2.A.21",host glycan,host glycan,0.8093333333333333,0.0
MGYG000296477_64|CGC1,"1.B.14,AraC_binding,PL17_2|PL17",alginate,alginate,0.9266666666666666,0.0
MGYG000297173_23|CGC1,"1.B.14,CBM48|GH13_11,GH13_9,GH77",starch,starch,0.4993333333333333,0.4999999999999999
MGYG000296075_1|CGC4,"1.B.14,FecR,Sigma70_r2|Sigma70_r4_2,GH92,GH92",host glycan,host glycan,0.6193333333333334,0.0
MGYG000296325_19|CGC1,"1.B.14,GH1,2.A.2,LacI,null,1.B.6,8.A.59",beta-glucan,beta-glucan,0.6253333333333334,0.0
MGYG000296715_1|CGC2,"1.B.14,GH10,GH3,GH3,GH67,LacI,null,GH5_7",xylan,xylan,0.7766666666666667,0.0
MGYG000296036_40|CGC1,"1.B.14,GH106,GH105,GH2,null,GH43_18,null,null,PL11_1,GH115",pectin,pectin,0.6493333333333333,0.0
MGYG000297149_3|CGC5,"1.B.14,GH142,GH105,2.A.39,null,CBM67|GH78",pectin,pectin,0.6726666666666666,0.0
MGYG000297194_86|CGC1,"1.B.14,GH16_21,GH3,8.A.59",beta-glucan,beta-glucan,0.5233333333333333,0.017578125
MGYG000296287_6|CGC2,"1.B.14,GH16_21,GH3,8.A.59,LytTR,2.A.76",beta-glucan,beta-glucan,0.6026666666666666,0.0
MGYG000297265_35|CGC1,"1.B.14,GH16_3,CBM57|GH16_3,GH149,GH17,GH17,8.A.59,LytTR,null,1.B.6,null,null,3.A.11",beta-glucan,beta-glucan,0.7260000000000001,0.0
MGYG000296728_53|CGC1,"1.B.14,GH16_3,GH3",beta-glucan,beta-glucan,0.852,0.0
MGYG000296425_13|CGC1,"1.B.14,GH16_3,GH5_46|CBM6|CBM6,1.B.14,8.A.46",beta-glucan,beta-glucan,0.5753333333333334,3.0517578125e-05
MGYG000296343_23|CGC1,"1.B.14,GH16_3,null,GH3,null,GH23,null,3.A.7,null,LexA_DNA_bind,GH3,1.A.23",beta-glucan,beta-glucan,0.654,0.0
MGYG000296839_52|CGC1,"1.B.14,GH3,null,2.A.1",beta-glucan,beta-glucan,0.6753333333333333,0.0
MGYG000297186_38|CGC1,"1.B.14,GH3,null,2.A.1,GH158,GH17",beta-glucan,beta-glucan,0.7433333333333334,0.0
MGYG000297183_4|CGC2,"1.B.14,GH31,GH13_2",starch,starch,0.666,0.0
MGYG000296535_89|CGC1,"1.B.14,GH43_9,null,PL1_2",pectin,pectin,0.7853333333333333,0.0
MGYG000297316_7|CGC5,"1.B.14,GH62,GH43_10,null,null,GH51,GH30_8,GH30_8,GH10",xylan,xylan,0.7806666666666667,0.0
MGYG000296008_8|CGC1,"1.B.14,GH97,GH13,null,GH43_12",starch,starch,0.628,0.0
MGYG000297316_19|CGC2,"1.B.14,GH97,null,null,1.B.14,null,null,2.A.56,DctP,GH88,Glucokinase,null,GH43_10,GH28",pectin,pectin,0.662,0.0
MGYG000296252_10|CGC1,"1.B.14,HTH_1,PL22|PL22,2.A.21,PL9_1,1.B.35",pectin,pectin,0.6940000000000001,0.0
MGYG000296154_26|CGC1,"1.B.14,LacI,2.A.2,GH1,GH3,9.B.34",beta-glucan,beta-glucan,0.73,0.0
MGYG000296807_5|CGC1,"1.B.14,LacI,2.A.2,null,GH65,GH13,GH13,GH13,CE15,null,2.A.7,null,null,1.C.105,null,GerE,1.B.14,8.A.46,null,GH16_3",starch,starch,0.764,0.0
MGYG000296715_34|CGC1,"1.B.14,LacI,null,GH3",beta-glucan,beta-glucan,0.6866666666666668,0.0
MGYG000297391_30|CGC1,"1.B.14,NUDIX,2.A.2,GH43_1",xylan,xylan,0.6913333333333332,0.0
MGYG000296898_20|CGC1,"1.B.14,PL11_1,2.A.2,GH105,GH35,null,null,CE12,CE12,0040266,GH28,PL22_2",pectin,pectin,0.882,0.0
MGYG000296087_2|CGC2,"1.B.14,PL17_2|PL17,2.A.4,null,9.B.34,3.D.2,3.D.2,3.D.2,PfkB,2.A.1,PL6|PL6_1",alginate,alginate,0.886,0.0
MGYG000296336_2|CGC7,"1.B.14,PL7_5,LacI,null,PL17_2|PL17",alginate,alginate,0.9193333333333332,0.0
MGYG000297253_76|CGC1,"1.B.14,TPR_1,CBM4|CBM4,GH16_3",beta-glucan,beta-glucan,0.7213333333333334,0.0
MGYG000297149_5|CGC2,"1.B.14,TPR_2,null,GH43_18,GH43_26,GH43_33,GH5_13,GH43_31",pectin,pectin,0.5106666666666667,0.15087890625
MGYG000296436_30|CGC1,"1.B.14,null,1.B.14,null,null,GH10,GH10",xylan,xylan,0.8193333333333334,0.0
MGYG000297447_73|CGC1,"1.B.14,null,8.A.46,null,GH16_3,GH3,GH16_3|CBM6",beta-glucan,beta-glucan,0.8119999999999999,0.0
MGYG000296324_6|CGC1,"1.B.14,null,8.A.5,GH13,GH13_23,GH31,Glucokinase,2.A.2",starch,starch,0.7186666666666667,0.0
MGYG000296087_2|CGC1,"1.B.14,null,9.B.153,1.B.14,PL7_5,PL6|PL6_1",alginate,alginate,0.8486666666666667,0.0
MGYG000297007_3|CGC3,"1.B.14,null,9.B.33,LytTR,GH3,GH16_3,1.B.14,null,null,1.B.14",beta-glucan,beta-glucan,0.7533333333333334,0.0
MGYG000297071_37|CGC1,"1.B.14,null,CBM4|CBM4,GH16_3",beta-glucan,beta-glucan,0.76,0.0
MGYG000297053_2|CGC3,"1.B.14,null,GH141,null,GH141,2.A.21",pectin,pectin,0.498,0.4999999999999999
MGYG000297246_6|CGC2,"1.B.14,null,GH144,GH144,null,GH3",beta-glucan,beta-glucan,0.4793333333333333,0.982421875
MGYG000297088_30|CGC1,"1.B.14,null,GH28,GH92",pectin,pectin,0.6226666666666667,0.0
MGYG000296759_13|CGC1,"1.B.14,null,GH3,GH3,2.A.2,1.B.14,2.A.2,LacI,null,GH16,GH16_3,GH149,GH17,GH17,8.A.59",beta-glucan,beta-glucan,0.8213333333333334,0.0
MGYG000297071_2|CGC2,"1.B.14,null,GH30",beta-glucan,beta-glucan,0.48,0.84912109375
MGYG000296736_89|CGC1,"1.B.14,null,GH92,2.A.1",host glycan,host glycan,0.6526666666666666,0.0
MGYG000296814_16|CGC1,"1.B.14,null,GH97,GH13,GH43_12,2.A.2",starch,starch,0.718,0.0
MGYG000296831_29|CGC1,"1.B.14,null,HD,GH73,null,LacI,2.A.2,GH1,2.A.1,GH3,9.B.34,null,2.A.86",beta-glucan,beta-glucan,0.6906666666666667,0.0
MGYG000296814_4|CGC2,"1.B.14,null,LytTR,CBM57|GH16_3,LacI,GH3,GH158",beta-glucan,beta-glucan,0.748,0.0
MGYG000297010_3|CGC2,"1.B.14,null,null,GH1,2.A.2",beta-glucan,beta-glucan,0.6579999999999999,0.0
MGYG000296721_62|CGC1,"1.B.14,null,null,GH10,CE15,null,2.A.2,GH10,GH43_1",xylan,xylan,0.9586666666666666,0.0
MGYG000296343_15|CGC1,"1.B.14,null,null,GH105,2.A.56,2.A.56,2.A.56,null,GH2,PL29,PL38",pectin,pectin,0.5433333333333333,0.017578125
MGYG000297133_4|CGC2,"1.B.14,null,null,GH105,GH3",pectin,pectin,0.5526666666666668,0.003692626953125
MGYG000297053_5|CGC9,"1.B.14,null,null,GH138,GH151",pectin,pectin,0.5193333333333333,0.017578125
MGYG000296469_6|CGC1,"1.B.14,null,null,GH144,GH144,CE1,GH3,GH97,GH43_28|CBM32",beta-glucan,beta-glucan,0.5213333333333333,0.017578125
MGYG000296477_1|CGC1,"1.B.14,null,null,GH144,GH144,CE1,GH3,null,GH109,9.A.25,null,GH2,GntR,1.B.14",beta-glucan,beta-glucan,0.6533333333333334,0.0
MGYG000296425_12|CGC1,"1.B.14,null,null,GH16_3",beta-glucan,beta-glucan,0.744,0.0
MGYG000296075_9|CGC4,"1.B.14,null,null,GH16_3,GH16_3,GH3",beta-glucan,beta-glucan,0.838,0.0
MGYG000296242_60|CGC1,"1.B.14,null,null,GH3,GH1,2.A.2",beta-glucan,beta-glucan,0.7226666666666667,0.0
MGYG000297246_3|CGC2,"1.B.14,null,null,GH30_3,GH5_46|CBM6,GH30_3,GH30_1,null,HTH_AraC|HTH_AraC,1.B.14",beta-glucan,beta-glucan,0.7233333333333333,0.0
MGYG000296439_63|CGC1,"1.B.14,null,null,GH43_26,GH5_13",xylan,xylan,0.5246666666666667,0.4999999999999999
MGYG000296565_39|CGC1,"1.B.14,null,null,GH5_13,GH43_33",pectin,pectin,0.5246666666666667,0.059234619140625
MGYG000296288_3|CGC1,"1.B.14,null,null,GH5_2,GH5_46|CBM6,GH16_3,null,null,GH16_25|CBM57",beta-glucan,beta-glucan,0.5980000000000001,0.0
MGYG000296548_13|CGC1,"1.B.14,null,null,GH5_46|CBM6|CBM6,GH16,GH30_1,2.A.1",beta-glucan,beta-glucan,0.706,0.0
MGYG000296081_17|CGC1,"1.B.14,null,null,PL1_2|CE8,GH28,1.B.14,8.A.46,null,GH105,GH43_10,null,CE8,PL9_1,CE12",pectin,pectin,0.9753333333333332,0.0
MGYG000297149_16|CGC1,"1.B.14,null,null,PL6|PL6_1,PL17_2|PL17,AraC_binding,2.A.1",alginate,alginate,0.9913333333333332,0.0
MGYG000297053_2|CGC11,"1.B.14,null,null,PL7,null,PL12,null,PL6,PL17_2|PL17,null,2.A.1",alginate,alginate,0.8673333333333333,0.0
MGYG000296435_17|CGC1,"1.B.3,null,SIS|SIS,GH92,2.A.21,GH2,9.B.158,GH85,null,null,CBM32,1.B.14,LacI,GH92,2.A.1,null,GH92,GH92,2.A.98,HTH_1,null,3.A.1",host glycan,host glycan,0.7093333333333334,0.0
MGYG000296652_101|CGC1,"1.B.52,1.B.52,LacI,2.A.2,GH1",beta-glucan,beta-glucan,0.5133333333333333,0.059234619140625
MGYG000296336_4|CGC1,"1.B.52,2.A.21,1.B.52,LacI,2.A.2,GH1,GH16_3,1.B.14",beta-glucan,beta-glucan,0.6566666666666666,0.0
MGYG000296356_16|CGC1,"1.B.52,bZIP_1,LacI,2.A.2,GH1,2.A.1,GH3,null,2.A.102",beta-glucan,beta-glucan,0.586,3.0517578125e-05
MGYG000296325_17|CGC1,"1.B.52,null,2.A.21,1.B.52,LacI,2.A.2,GH1,null,3.A.1,3.A.1,3.A.1,null,1.B.14,2.A.1,GH3",beta-glucan,beta-glucan,0.6586666666666666,0.0
MGYG000296682_4|CGC1,"1.B.55,4.D.3,GT2",cellulose,cellulose,0.5166666666666667,0.15087890625
MGYG000296887_37|CGC1,"2.A.1,1.B.14,null,null,GH39,2.A.2,null,null,GH50,null,GH43_11",xylan,xylan,0.702,0.0
MGYG000296077_48|CGC1,"2.A.1,AraC_binding,PL17_2|PL17,PL6|PL6_1",alginate,alginate,0.9926666666666668,0.0
MGYG000297427_6|CGC3,"2.A.1,AraC_binding,PL17_2|PL17,PL6|PL6_1,GntR,null,1.B.14",alginate,alginate,0.9833333333333332,0.0
MGYG000297135_6|CGC2,"2.A.1,AraC_binding,PL17_2|PL17,PL6|PL6_1,GntR,null,1.B.14,2.A.21",alginate,alginate,0.9933333333333334,0.0
MGYG000296711_19|CGC1,"2.A.1,AraC_binding,PL17_2|PL17,PL7,null,8.A.46,1.B.14,GntR,null,2.A.1",alginate,alginate,0.9186666666666666,0.0
MGYG000296901_16|CGC1,"2.A.1,GH1,3.A.1,GH13_23,3.A.1,3.A.1,3.A.1",starch,starch,0.5706666666666667,3.0517578125e-05
MGYG000296324_1|CGC2,"2.A.1,GH3,GH16_3",beta-glucan,beta-glucan,0.7686666666666666,0.0
MGYG000297193_2|CGC2,"2.A.1,GH3,null,LacI,1.B.14,null,Trans_reg_C,1.B.14,null,TPR_1,GH23,null,null,3.A.7,null,null,3.A.7,3.A.7",beta-glucan,beta-glucan,0.538,0.017578125
MGYG000296329_1|CGC2,"2.A.1,GH92,GH20,null,GH2,9.B.158",host glycan,host glycan,0.7746666666666666,0.0
MGYG000296543_26|CGC1,"2.A.1,GH92,GH28,null,1.B.14",pectin,pectin,0.6766666666666666,0.0
MGYG000296474_69|CGC1,"2.A.1,GntR,PL7",alginate,alginate,0.7066666666666667,0.0
MGYG000296095_43|CGC1,"2.A.1,LacI,GH1,2.A.1,GH3,1.B.14,1.B.14,GH16_3,2.A.4,null,1.B.52,2.A.21,1.B.52,3.A.1,3.A.1",beta-glucan,beta-glucan,0.7253333333333333,0.0
MGYG000297203_27|CGC1,"2.A.1,LacI,GH1,2.A.1,GH3,GH16_3,1.B.14,GH16_3|CBM4|CBM4|CBM4|CBM4",beta-glucan,beta-glucan,0.8193333333333332,0.0
MGYG000296259_3|CGC1,"2.A.1,LacI,null,GH105,PL42,PL33,PL35,null,1.B.14,null,2.A.8",pectin,pectin,0.6186666666666666,0.0
MGYG000296721_5|CGC1,"2.A.1,NUDIX,null,GH3,null,GH3,null,GH105,null,null,GH43_17,GH42,PL1_2,CE8,CE12,GH28,CE8,GH43_10,PL1_2,null,null,1.B.14",pectin,pectin,0.9573333333333331,0.0
MGYG000296949_5|CGC3,"2.A.1,PL17_2|PL17,PL6|PL6_1,1.B.14",alginate,alginate,0.9933333333333334,0.0
MGYG000296336_26|CGC3,"2.A.1,PL6_3,1.B.14",alginate,alginate,0.5653333333333334,0.00048828125
MGYG000297265_19|CGC1,"2.A.1,Peripla_BP_3,LacI,2.A.2,GH97",starch,starch,0.6126666666666666,0.0
MGYG000296721_44|CGC1,"2.A.1,null,1.B.14,8.A.46,null,GH66,GH0|CBM35,HTH_AraC|HTH_AraC,GH32,GH32",starch,starch,0.5886666666666667,0.0
MGYG000297246_12|CGC2,"2.A.1,null,1.B.14,null,1.B.14,null,null,GH10,GH10,GH43_10,GH43_2,CE15,HTH_AraC|HTH_AraC,GH115,null,null,GH67",xylan,xylan,0.9353333333333332,0.0
MGYG000297296_10|CGC1,"2.A.1,null,3.A.1,3.A.1,3.A.1,GH1",beta-glucan,beta-glucan,0.5793333333333333,3.0517578125e-05
MGYG000296891_5|CGC2,"2.A.1,null,GH43_28|CBM32,null,null,GH2|CBM57,GH3,null,GH144,GH144,null,null,1.B.14",beta-glucan,beta-glucan,0.6066666666666667,0.0
MGYG000296324_4|CGC1,"2.A.1,null,PL17_2|PL17,PL6|PL6_1",alginate,alginate,0.9926666666666668,0.0
MGYG000296759_21|CGC1,"2.A.1,null,PL17_2|PL17,PL6|PL6_1,GntR,PL7_5,PL7_5,1.B.14,null,PL7_5,SBP_bac_3,null,PL17_2|PL17,1.B.14,null,null,1.B.5",alginate,alginate,0.892,0.0
MGYG000296878_75|CGC1,"2.A.1,null,PL17_2|PL17,null,PL6,GntR,null,PL7_5",alginate,alginate,0.9253333333333332,0.0
MGYG000297060_2|CGC1,"2.A.1,null,null,2.A.47,2.A.1,8.A.59,LytTR,GH16_3,1.B.14,2.A.1,GH3,9.B.34",beta-glucan,beta-glucan,0.7253333333333333,0.0
MGYG000297326_17|CGC1,"2.A.102,GH13_10,GH13_26,CBM48|GH13_11,null,2.A.37",starch,starch,0.5313333333333333,0.059234619140625
MGYG000296693_9|CGC1,"2.A.102,Sigma70_r2|Sigma70_r3|Sigma70_r4,GH3,GH144,GH144",beta-glucan,beta-glucan,0.3766666666666667,0.999969482421875
MGYG000297233_14|CGC1,"2.A.103,null,null,GH16_3,GH16_3",beta-glucan,beta-glucan,0.6966666666666667,0.0
MGYG000296242_31|CGC1,"2.A.17,1.B.55,GH8,4.D.3,GT2",cellulose,cellulose,0.592,0.0
MGYG000296287_19|CGC1,"2.A.17,null,GH8,4.D.3,GT2",cellulose,cellulose,0.486,0.996307373046875
MGYG000297060_13|CGC1,"2.A.2,2.A.2,GH1,Peripla_BP_1,2.A.1,2.A.21",beta-glucan,beta-glucan,0.4619999999999999,0.996307373046875
MGYG000296356_39|CGC1,"2.A.2,GH1,1.B.14",beta-glucan,beta-glucan,0.5619999999999999,0.003692626953125
MGYG000296678_3|CGC1,"2.A.2,GH1,2.A.1,GH3",beta-glucan,beta-glucan,0.6679999999999999,0.0
MGYG000296013_12|CGC1,"2.A.2,GH1,2.A.1,GH3,1.B.14,GH16_3",beta-glucan,beta-glucan,0.8119999999999999,0.0
MGYG000297010_12|CGC1,"2.A.2,GH1,2.A.1,GH3,GH16_3",beta-glucan,beta-glucan,0.7713333333333333,0.0
MGYG000296287_4|CGC1,"2.A.2,GH1,2.A.1,GH3,null,null,8.A.5",beta-glucan,beta-glucan,0.65,0.0
MGYG000296287_62|CGC1,"2.A.2,GH1,null,null,1.B.14",beta-glucan,beta-glucan,0.6579999999999999,0.0
MGYG000296290_2|CGC2,"2.A.2,GH13_2,LacI,1.B.14",starch,starch,0.672,0.0
MGYG000297168_84|CGC1,"2.A.2,GH146,null,PL1_2,null,PL1|CE8,CE8|PL1_5",pectin,pectin,0.8586666666666667,0.0
MGYG000297053_1|CGC1,"2.A.2,GH158,2.A.2,GH17,GH17,GH149,GH16_3,GH16_3,null,8.A.46,1.B.14",beta-glucan,beta-glucan,0.594,0.0
MGYG000296134_59|CGC1,"2.A.2,GH3,GH149",beta-glucan,beta-glucan,0.4393333333333333,0.996307373046875
MGYG000296225_49|CGC1,"2.A.2,GH43_12,GH13,GH97,null,1.B.14,HTH_AraC,GH13_23",starch,starch,0.6733333333333333,0.0
MGYG000297200_1|CGC1,"2.A.2,GH8,null,GH43_12,GH115,GH98|CBM35,null,GH10,null,CE1,GH95,GH43_16|CBM6,CE1,GH43_10,LacI,GH43_11",xylan,xylan,0.8886666666666667,0.0
MGYG000297494_13|CGC1,"2.A.2,Glucokinase,GH31,GH13_23,GH13",starch,starch,0.6940000000000001,0.0
MGYG000296533_75|CGC1,"2.A.2,Glucokinase,GH31,GH13_23,GH13_13",starch,starch,0.522,0.15087890625
MGYG000296418_5|CGC1,"2.A.2,null,GH97,GH65,GH97,null,null,1.A.8,null,null,3.A.1",starch,starch,0.6920000000000001,0.0
MGYG000296498_1|CGC1,"2.A.2,null,LacI,GT35,GH77,GH13",starch,starch,0.8146666666666668,0.0
MGYG000297073_59|CGC1,"2.A.2,null,null,GH43_12,GH13,GH97",starch,starch,0.754,0.0
MGYG000296343_21|CGC1,"2.A.2,null,null,GH43_12,GH13,GH97,null,1.B.14,null,GH13_23",starch,starch,0.6940000000000001,0.0
MGYG000297151_12|CGC1,"2.A.21,1.B.14,null,GH2,null,GH43_18|GH43_34,null,2.A.21",pectin,pectin,0.6639999999999999,0.0
MGYG000296591_28|CGC1,"2.A.21,2.A.1,GH16_3,GH30_1,GH149,GH17,GH17,null,null,2.A.28",beta-glucan,beta-glucan,0.6213333333333334,0.0
MGYG000296506_1|CGC4,"2.A.21,2.A.1,GH16_3,GH30_1,GH149,GH81|CBM6,GH17,GH16_3,null,8.A.46,1.B.14",beta-glucan,beta-glucan,0.728,0.0
MGYG000296350_22|CGC1,"2.A.21,CE1,null,9.B.115,PfkB,2.A.1,GH13,2.A.2,GH13_31",starch,starch,0.662,0.0
MGYG000297321_15|CGC2,"2.A.21,CE8,GH28,GH105,1.B.14,CE12",pectin,pectin,0.9686666666666668,0.0
MGYG000296273_29|CGC1,"2.A.21,GH130,CBM9,null,GH92,null,GH92,1.B.14",host glycan,host glycan,0.748,0.0
MGYG000296917_1|CGC2,"2.A.21,GH3,2.A.1,LacI,1.B.14",beta-glucan,beta-glucan,0.6953333333333334,0.0
MGYG000296971_56|CGC1,"2.A.21,GH3,GH3",beta-glucan,beta-glucan,0.5526666666666668,0.00048828125
MGYG000297445_35|CGC1,"2.A.21,GH3,GH3,GH171",beta-glucan,beta-glucan,0.5966666666666666,0.0
MGYG000296515_5|CGC1,"2.A.21,GH3,null,GH16_3,GH16_3,null,8.A.46,1.B.14,null,HATPase_c,2.A.58",beta-glucan,beta-glucan,0.7353333333333333,0.0
MGYG000297180_28|CGC1,"2.A.21,GH3,null,LacI,1.A.11",beta-glucan,beta-glucan,0.5633333333333332,3.0517578125e-05
MGYG000297503_5|CGC1,"2.A.21,GH97,GH13_23,GH13,null,1.B.14,LacI,2.A.2,GH13",starch,starch,0.8613333333333333,0.0
MGYG000297003_2|CGC2,"2.A.21,GerE,FecR,1.B.14,8.A.46,null,GH30_3,GH16_3,null,GH5_46,GH3,null,GH43_5,GH43_5",beta-glucan,beta-glucan,0.6393333333333333,0.0
MGYG000297053_5|CGC6,"2.A.21,null,1.B.14,null,PL1_2,PL1_2,null,PL1_2,1.B.14,null,null,GH140,GH43_18,GH143|GH142,PL1_2,GH33,CE19,GH105,null,null,GH3",pectin,pectin,0.918,0.0
MGYG000296351_18|CGC1,"2.A.21,null,GH10,null,null,GH3,null,null,1.B.14",xylan,xylan,0.6566666666666666,0.0
MGYG000297203_5|CGC1,"2.A.21,null,GH13,2.A.2,GH13_2",starch,starch,0.776,0.0
MGYG000296383_3|CGC4,"2.A.21,null,GH13_11,1.B.3,null,CBM69,GH13_37,null,CBM41|GH13_13|CBM69|CBM69",starch,starch,0.5113333333333333,0.4999999999999999
MGYG000297183_9|CGC1,"2.A.21,null,GH16_3,null,8.A.46,1.B.14,NUDIX,GH3",beta-glucan,beta-glucan,0.7553333333333333,0.0
MGYG000296109_116|CGC1,"2.A.21,null,GH3,GH29,GH29",host glycan,host glycan,0.6853333333333332,0.0
MGYG000297389_16|CGC1,"2.A.21,null,GH38,2.A.66,GH29,null,null,GH13_20",host glycan,host glycan,0.5953333333333333,0.0
MGYG000296783_14|CGC1,"2.A.21,null,null,3.B.1,3.B.1,null,CBM4|CBM4,null,8.A.59,LytTR,GH3",beta-glucan,beta-glucan,0.708,0.0
MGYG000296240_3|CGC1,"2.A.21,null,null,GH3,GH16_3,null,8.A.46,1.B.14",beta-glucan,beta-glucan,0.7293333333333333,0.0
MGYG000296831_2|CGC1,"2.A.23,null,3.A.7,null,null,GH13_23,1.B.14,null,GH13_36,GH13_38,2.A.2,GH15",starch,starch,0.678,0.0
MGYG000296275_48|CGC1,"2.A.28,null,GH3,GH144,null,8.A.46,1.B.14,GH144,GerE,null,2.A.102",beta-glucan,beta-glucan,0.5546666666666666,3.0517578125e-05
MGYG000297149_1|CGC2,"2.A.3,9.B.18,8.A.3,null,null,CBM47|CBM47|CBM47,null,PL1_2,PL1_2,null,null,GT2",pectin,pectin,0.518,0.059234619140625
MGYG000297494_1|CGC1,"2.A.3,GH125,GH92,GH92,null,PfkB,2.A.1,GH92,LacI,1.B.14,CBM32,GH85,9.B.158,GH2,2.A.21,GH92,null,null,GH97",host glycan,host glycan,0.7906666666666666,0.0
MGYG000297176_2|CGC1,"2.A.35,Aminotran_1_2,CBM48|GH13_11,GH13_26,GH13_10",starch,starch,0.498,0.303619384765625
MGYG000297034_1|CGC1,"2.A.37,2.A.37,GT4,GH130,GH130,GT4,GH77,null,GH13_10,GH57,GH13_26",starch,starch,0.5193333333333333,0.059234619140625
MGYG000297361_33|CGC1,"2.A.38,2.A.38,null,3.A.1,GH13_23,3.A.1,3.A.1,3.A.1,LacI,GH1",starch,starch,0.588,0.0
MGYG000296081_20|CGC1,"2.A.39,GH28,null,GH117,null,PL22|PL22_2,GH106,GH105",pectin,pectin,0.87,0.0
MGYG000297326_33|CGC1,"2.A.40,LacI,GH1,3.A.1,3.A.1",beta-glucan,beta-glucan,0.56,3.0517578125e-05
MGYG000296591_14|CGC1,"2.A.47,NUDIX,GH17,GH16_3,null,8.A.46,1.B.14,2.A.103",beta-glucan,beta-glucan,0.7226666666666667,0.0
MGYG000296683_3|CGC2,"2.A.49,null,GH2,2.A.38,2.A.38,null,TPR_1|TPR_1|TPR_2,CBM67|GH78,GH43_19,GH30_4,GH43_26",xylan,xylan,0.5446666666666666,0.00048828125
MGYG000297149_3|CGC4,"2.A.53,GH127,CE12,null,CBM6,GH143,GH28,AraC_binding,null,PL10_1|CBM35|CBM35,null,PL1_2|GH33,GH140,null,PL1_2",pectin,pectin,0.8906666666666666,0.0
MGYG000297077_12|CGC1,"2.A.56,2.A.56,2.A.56,GH105,null,null,1.B.14",pectin,pectin,0.522,0.059234619140625
MGYG000297151_45|CGC1,"2.A.56,GH2,CE8|GH95,CE19|CBM67|GH78,CBM67|GH78,GH33,2.A.21",pectin,pectin,0.728,0.0
MGYG000296624_155|CGC1,"2.A.56,null,2.A.56,GH43_9",pectin,pectin,0.3753333333333333,0.999969482421875
MGYG000297316_25|CGC2,"2.A.56,null,2.A.56,null,CE2,CE8,null,null,PL1_5",pectin,pectin,0.6453333333333333,0.0
MGYG000296188_3|CGC1,"2.A.59,null,HTH_AraC|HTH_AraC,GH31,null,8.A.5,null,3.A.1,3.A.1,3.A.1,HATPase_c,HTH_AraC|HTH_AraC,GH95,GH43_35,3.A.1,3.A.1,3.A.1,8.A.59,HTH_AraC|HTH_AraC,GH43_10",xylan,xylan,0.6766666666666666,0.0
MGYG000296374_6|CGC4,"2.A.6,2.A.6,2.A.6,TetR_N,Response_reg,2.A.21,2.A.1,GH97,GH3,1.B.14,GH144",beta-glucan,beta-glucan,0.5619999999999999,3.0517578125e-05
MGYG000296319_3|CGC1,"2.A.6,2.A.6,GT5,null,GH13_10,GH77,GH13_26,null,CBM48|GH13_11,CBM48|GH13_9,GH37,null,1.A.23",starch,starch,0.4793333333333333,0.84912109375
MGYG000297097_1|CGC1,"2.A.6,2.A.6,null,GH17,GH17,GH149,GH17,GH158",beta-glucan,beta-glucan,0.5,0.4999999999999999
MGYG000296132_49|CGC1,"2.A.6,GH13_30,GH13_30",starch,starch,0.3826666666666666,0.999969482421875
MGYG000297440_72|CGC1,"2.A.6,null,GH17,GH17,null,GH149,GH17",beta-glucan,beta-glucan,0.45,0.996307373046875
MGYG000296693_139|CGC1,"2.A.6,null,GH43_1,GH10",xylan,xylan,0.8753333333333334,0.0
MGYG000297316_28|CGC1,"2.A.6,null,GH97,GH43_29,GH28,1.B.14,GH106,null,null,GH28,1.B.52",pectin,pectin,0.7213333333333334,0.0
MGYG000296477_23|CGC1,"2.A.6,null,null,GH16_3,null,8.A.46,1.B.14",beta-glucan,beta-glucan,0.6793333333333333,0.0
MGYG000296949_5|CGC1,"2.A.66,null,LacI,GH3,2.A.2,GH94,SKI,CBM9,null,null,3.A.1",xylan,xylan,0.5273333333333333,0.017578125
MGYG000296555_1|CGC1,"2.A.66,null,null,1.B.14,null,LacI,GH13,GH13_23,GH97,null,2.A.2",starch,starch,0.7806666666666667,0.0
MGYG000297007_10|CGC2,"2.A.7,GH28,null,GH28",pectin,pectin,0.8126666666666666,0.0
MGYG000296997_4|CGC1,"2.A.7,null,GH13,GH13,GH65,null,2.A.2,LacI,1.B.14",starch,starch,0.8273333333333334,0.0
MGYG000297038_12|CGC2,"2.A.76,null,null,GH13_38,GH13_13,CBM69,null,1.B.3,GH13_11",starch,starch,0.5700000000000001,0.0
MGYG000297326_5|CGC1,"2.A.86,null,TPR_2,CBM48|GH13_9,GH13_3,GH13_11",starch,starch,0.4246666666666667,0.99951171875
MGYG000296118_1|CGC4,"2.A.9,null,2.A.1,null,GH92,GH20,9.B.158,GH2,GT2",host glycan,host glycan,0.7353333333333333,0.0
MGYG000296852_2|CGC2,"2.A.9,null,2.A.1,null,GH92,GH92",host glycan,host glycan,0.588,3.0517578125e-05
MGYG000296952_34|CGC1,"2.A.9,null,null,2.A.1,null,GH92,GH92,GH20,9.B.158",host glycan,host glycan,0.7306666666666666,0.0
MGYG000296025_39|CGC1,"3.A.1,3.A.1,3.A.1,3.A.1,3.A.1,9.B.34,GH13_26,GH13_10,CBM48|GH13_11,null,Aminotran_1_2,3.A.1,3.A.1,3.A.1",starch,starch,0.5493333333333333,0.003692626953125
MGYG000297296_23|CGC1,"3.A.1,3.A.1,3.A.1,3.A.1,3.A.1,GH3,null,2.A.78",xylan,xylan,0.5566666666666666,0.00048828125
MGYG000296612_1|CGC1,"3.A.1,3.A.1,3.A.1,3.A.1,8.A.59,HTH_AraC|HTH_AraC,GH67,3.A.1,3.A.1,SBP_bac_1,HTH_AraC|HTH_AraC,8.A.59,null,GH43_12",xylan,xylan,0.8366666666666667,0.0
MGYG000296781_3|CGC4,"3.A.1,3.A.1,3.A.1,3.A.1,FUR,LacI,3.A.1,3.A.1,3.A.1,GH13_23,3.A.1",starch,starch,0.5766666666666667,0.0
MGYG000296758_5|CGC2,"3.A.1,3.A.1,3.A.1,3.A.1,GH1,GH30_1,GH149,GH16_3,null,null,2.A.21,null,1.B.14,3.D.1",beta-glucan,beta-glucan,0.7526666666666666,0.0
MGYG000296778_39|CGC1,"3.A.1,3.A.1,3.A.1,3.A.1,GH13_23,GH13_31",starch,starch,0.606,0.0
MGYG000296192_6|CGC1,"3.A.1,3.A.1,3.A.1,3.A.1,GH13_31,CBM41|GH13_14,CBM34|GH13_20,3.A.1,3.A.1",starch,starch,0.744,0.0
MGYG000296480_36|CGC1,"3.A.1,3.A.1,3.A.1,3.A.1,GH4,null,GH43_11",xylan,xylan,0.602,0.0
MGYG000296717_53|CGC1,"3.A.1,3.A.1,3.A.1,3.A.1,null,3.A.1,3.A.1,8.A.5,GH13_19,3.A.1",starch,starch,0.5286666666666666,0.059234619140625
MGYG000296282_18|CGC1,"3.A.1,3.A.1,3.A.1,3.A.1,null,LacI,2.A.2,GH1,2.A.1,GH3",beta-glucan,beta-glucan,0.678,0.0
MGYG000296974_12|CGC1,"3.A.1,3.A.1,3.A.1,3.A.1,null,null,GH43_11",xylan,xylan,0.6246666666666666,0.0
MGYG000297083_5|CGC1,"3.A.1,3.A.1,3.A.1,CBM34|GH13_20",starch,starch,0.672,0.0
MGYG000296339_39|CGC1,"3.A.1,3.A.1,3.A.1,CBM53|GH13_10,null,GH13_14",starch,starch,0.5986666666666667,0.0
MGYG000297436_4|CGC1,"3.A.1,3.A.1,3.A.1,GH1,3.A.1,GH13_23,3.A.1",starch,starch,0.5813333333333334,3.0517578125e-05
MGYG000297020_136|CGC1,"3.A.1,3.A.1,3.A.1,GH1,LacI,null,1.C.113",beta-glucan,beta-glucan,0.5593333333333333,0.00048828125
MGYG000297158_13|CGC1,"3.A.1,3.A.1,3.A.1,GH1,LacI,null,3.A.1,3.A.1",beta-glucan,beta-glucan,0.5820000000000001,0.0
MGYG000296157_30|CGC1,"3.A.1,3.A.1,3.A.1,GH13_19,8.A.5,3.A.1",starch,starch,0.5,0.696380615234375
MGYG000296956_132|CGC1,"3.A.1,3.A.1,3.A.1,GH13_23",starch,starch,0.5833333333333334,0.0
MGYG000296274_12|CGC1,"3.A.1,3.A.1,3.A.1,GH13_23,3.A.1,3.A.1,null,null,1.B.3,3.A.1,3.A.1,3.A.1,GerE,GH13_23",starch,starch,0.6173333333333333,0.0
MGYG000296236_83|CGC1,"3.A.1,3.A.1,3.A.1,GH13_23,3.A.1,GH1",starch,starch,0.5786666666666667,3.0517578125e-05
MGYG000297226_12|CGC1,"3.A.1,3.A.1,3.A.1,GH13_23,3.A.1,GH4,3.A.1,3.A.1,3.A.1,3.A.1,3.A.1",starch,starch,0.5660000000000001,3.0517578125e-05
MGYG000296168_22|CGC1,"3.A.1,3.A.1,3.A.1,GH13_36,CBM34|GH13_20",starch,starch,0.756,0.0
MGYG000296025_14|CGC1,"3.A.1,3.A.1,3.A.1,GH51",xylan,xylan,0.5666666666666667,3.0517578125e-05
MGYG000296168_17|CGC3,"3.A.1,3.A.1,3.A.1,GH65",starch,starch,0.5793333333333333,0.0
MGYG000296713_7|CGC1,"3.A.1,3.A.1,3.A.1,GT35,GH77,GH16_3,GH16_3,null,GH1,3.A.1,3.A.1,3.A.1,3.A.1,null,GH16_3",beta-glucan,beta-glucan,0.7173333333333333,0.0
MGYG000296305_10|CGC1,"3.A.1,3.A.1,3.A.1,LacI,GH65",starch,starch,0.6266666666666667,0.0
MGYG000296336_4|CGC2,"3.A.1,3.A.1,3.A.1,null,1.B.14,GH3,2.A.1,2.A.4,9.B.34,3.A.1,3.A.1,null,3.D.4,3.D.4",beta-glucan,beta-glucan,0.6573333333333333,0.0
MGYG000296536_6|CGC2,"3.A.1,3.A.1,CBM34|GH13_20,CBM41|GH13_14,GH13_31,3.A.1,3.A.1,3.A.1,3.A.1",starch,starch,0.744,0.0
MGYG000296192_4|CGC1,"3.A.1,3.A.1,CBM34|GH13_20,LacI,null,GT4",starch,starch,0.6586666666666667,0.0
MGYG000296641_216|CGC1,"3.A.1,3.A.1,GH13_19,null,CBM20",starch,starch,0.5579999999999999,0.017578125
MGYG000297089_56|CGC1,"3.A.1,3.A.1,GH13_23,3.A.1",starch,starch,0.5833333333333334,0.0
MGYG000296025_60|CGC1,"3.A.1,3.A.1,GH31,3.D.1,3.D.1,3.D.1",starch,starch,0.4746666666666667,0.982421875
MGYG000296168_12|CGC2,"3.A.1,3.A.1,GH31,GH31,3.A.1,3.A.1,3.A.1,HTH_AraC,3.A.1,3.A.1,3.A.1,3.A.1,3.A.1,3.A.1,3.A.1,3.A.1",starch,starch,0.56,3.0517578125e-05
MGYG000297083_15|CGC1,"3.A.1,3.A.1,GH65",starch,starch,0.5820000000000001,3.0517578125e-05
MGYG000296252_4|CGC1,"3.A.1,3.A.1,GH65,null,3.A.1,1.B.21,GH32,GH13_4",starch,starch,0.5713333333333334,3.0517578125e-05
MGYG000296612_15|CGC1,"3.A.1,3.A.1,Peripla_BP_1,LacI,CBM34|GH13_39",starch,starch,0.6473333333333334,0.0
MGYG000296174_3|CGC1,"3.A.1,3.A.1,Peripla_BP_3,GH31,3.A.1,3.A.1,SBP_bac_1,PALP,3.A.1,3.A.1,3.A.1",starch,starch,0.536,0.00048828125
MGYG000297371_9|CGC1,"3.A.1,3.A.1,SBP_bac_1,3.A.1,GH13_41,CBM48|GH13_11,null,CBM48|GH13_9",starch,starch,0.5706666666666667,3.0517578125e-05
MGYG000296317_111|CGC1,"3.A.1,3.A.1,SBP_bac_1,GH31",starch,starch,0.588,3.0517578125e-05
MGYG000296168_4|CGC1,"3.A.1,3.A.1,SBP_bac_1,LacI,GH65",starch,starch,0.6493333333333333,0.0
MGYG000297203_3|CGC1,"3.A.1,3.A.1,null,GntR,PL6|PL6_1,2.A.1",alginate,alginate,0.8746666666666666,0.0
MGYG000296466_16|CGC1,"3.A.1,GH1,GH30_1,GH149,null,GH16_3,GH5_46|CBM6",beta-glucan,beta-glucan,0.6346666666666666,0.0
MGYG000296049_182|CGC1,"3.A.1,GH13_23,3.A.1,3.A.1",starch,starch,0.5833333333333334,0.0
MGYG000296248_22|CGC1,"3.A.1,GH13_23,3.A.1,3.A.1,3.A.1",starch,starch,0.578,3.0517578125e-05
MGYG000296064_79|CGC1,"3.A.1,GH13_23,3.A.1,3.A.1,3.A.1,LacI,GH1",starch,starch,0.628,0.0
MGYG000296128_12|CGC1,"3.A.1,GH13_23,3.A.1,3.A.1,3.A.1,LacI,GH1,3.A.1,3.A.1,3.A.1",starch,starch,0.5953333333333333,3.0517578125e-05
MGYG000296093_36|CGC1,"3.A.1,GH13_23,3.A.1,3.A.1,3.A.1,null,3.A.1",starch,starch,0.5786666666666667,0.0
MGYG000296507_25|CGC1,"3.A.1,GH13_23,3.A.1,3.A.1,3.A.1,null,LacI,GH1",starch,starch,0.6186666666666666,3.0517578125e-05
MGYG000296763_40|CGC1,"3.A.1,GH13_23,GH13_23,3.A.1,GH13_23,3.A.1,3.A.1,3.A.1,1.B.3",starch,starch,0.5746666666666668,0.00048828125
MGYG000296678_7|CGC1,"3.A.1,GH81,1.B.52,null,1.B.3,8.A.59,LytTR,GH16_3,1.B.14,2.A.1,GH3",beta-glucan,beta-glucan,0.6933333333333334,0.0
MGYG000296845_1|CGC1,"3.A.1,GH81,8.A.59,LytTR,GH16_3,1.B.14,2.A.1,GH3,null,null,AA2",beta-glucan,beta-glucan,0.74,0.0
MGYG000297497_4|CGC1,"3.A.1,null,3.A.1,3.A.1,3.A.1,GH13_23,3.A.1",starch,starch,0.5786666666666667,0.0
MGYG000297053_5|CGC4,"3.A.1,null,3.A.1,3.A.1,PL10_1,GH28,HTH_AraC,null,1.B.14,8.A.46,GH28",pectin,pectin,0.8473333333333334,0.0
MGYG000297450_10|CGC1,"3.A.1,null,3.E.1,GH149,GH17,GH158,GH30_1,GH17,GH17,GH17",beta-glucan,beta-glucan,0.51,0.017578125
MGYG000296697_4|CGC1,"3.A.1,null,GH1,LacI,3.A.1,3.A.1,3.A.1,GH13_23,3.A.1",starch,starch,0.6193333333333333,0.0
MGYG000296633_9|CGC1,"3.A.1,null,null,3.A.1,3.A.1,3.A.1,GH13_20,GH77,GT35,null,GH13_9,null,null,3.A.15",starch,starch,0.6153333333333334,0.0
MGYG000296503_19|CGC1,"3.A.1,null,null,8.A.5,3.A.1,3.A.1,GH13_23",starch,starch,0.5973333333333334,3.0517578125e-05
MGYG000297453_20|CGC1,"3.A.1,null,null,GH53,GH149,GH17,GH158,GH30_1,GH17,GH17,GH17,9.B.102,9.B.102,2.A.102",beta-glucan,beta-glucan,0.5393333333333333,0.003692626953125
MGYG000297432_1|CGC2,"3.A.5,null,9.B.97,CBM48|GH13_11,GH13_26,GH13_10,2.A.1",starch,starch,0.532,0.017578125
MGYG000296802_12|CGC1,"3.A.9,null,null,GT4,GerE,CBM4,GH17,GH17,GH17,GH30_1,GH17,GH149,GH16_3,null,GH0,GH81,2.A.1,GT2",beta-glucan,beta-glucan,0.6606666666666666,0.0
MGYG000296721_16|CGC1,"3.B.1,null,dCache_1|PAS|HisKA|HATPase_c|Response_reg,GH92,GH92,GH18",host glycan,host glycan,0.482,0.84912109375
MGYG000296427_7|CGC2,"3.D.1,null,Pyr_redox_2|NIR_SIR_ferr|NIR_SIR,3.A.1,3.A.1,3.A.1,3.A.1,Response_reg|ANTAR,1.B.25,null,GH3,1.B.14,2.A.1,FecR,Sigma70_r4_2,GH3",beta-glucan,beta-glucan,0.5773333333333334,0.00048828125
MGYG000296336_4|CGC4,"3.D.2,3.D.2,3.D.2,TrmB,PL1_2,1.B.14,PL1_5|PL1_5,null,null,GH43_29",pectin,pectin,0.6266666666666667,0.0
MGYG000296311_16|CGC1,"3.D.2,null,1.B.3,3.A.1,3.A.1,3.A.1,GH13_23,3.A.1,0036955,PfkB,9.B.29,null,3.A.3",starch,starch,0.4333333333333333,0.99951171875
MGYG000297347_3|CGC1,"3.D.2,null,null,1.B.14,null,null,GH144,GH144,null,GH3",beta-glucan,beta-glucan,0.514,0.303619384765625
MGYG000297457_8|CGC1,"3.D.2,null,null,1.B.14,null,null,GH144,GH144,null,GH3,null,null,GH43_28|CBM32,null,9.A.25",beta-glucan,beta-glucan,0.6093333333333334,0.0
MGYG000296739_4|CGC1,"3.D.3,3.E.2,null,1.A.12,null,LacI,2.A.2,GH1,GH3,null,null,1.B.14",beta-glucan,beta-glucan,0.504,0.303619384765625
MGYG000296779_36|CGC1,"3.D.3,Pyr_redox_2,null,1.A.1,null,GH37,PfkB,GH32,LacI,2.A.21",starch,starch,0.5306666666666666,0.017578125
MGYG000297075_37|CGC1,"3.D.4,3.D.4,null,3.A.1,3.A.1,2.A.1,LacI,GH1,2.A.1,GH3,1.B.14",beta-glucan,beta-glucan,0.7033333333333334,0.0
MGYG000297321_1|CGC2,"3.D.4,3.D.4,null,3.A.1,3.A.1,2.A.1,LacI,GH1,2.A.1,GH3,2.A.35,9.B.34,1.B.14,GH16_3,2.A.4,1.B.14,2.A.21,GH31",beta-glucan,beta-glucan,0.74,0.0
MGYG000296469_15|CGC1,"3.D.4,null,3.A.3,Crp,GH16_3,GH3,GH16_3,CBM4|CBM4,8.A.46,1.B.14",beta-glucan,beta-glucan,0.8226666666666667,0.0
MGYG000296975_9|CGC1,"3.E.1,null,GH3,GH5_46|CBM6|CBM6,Reg_prop|Y_Y_Y,null,GH16_3,null,8.A.46,1.B.14",xylan,xylan,0.5373333333333333,0.15087890625
MGYG000297413_11|CGC1,"3.E.1,null,null,GH5_46|CBM6|CBM6,GerE,null,GH16_3,null,8.A.46,1.B.14",beta-glucan,beta-glucan,0.7386666666666667,0.0
MGYG000296555_18|CGC1,"4.A.1,4.A.1,GH2,CE9,SIS|SIS,GntR,9.B.158,1.B.14,GH20,GH2,GH3,GH125,GH92,GH29|CBM32,null,null,GH51",host glycan,host glycan,0.8453333333333333,0.0
MGYG000297301_26|CGC1,"4.D.2,CBM48|GH13_9,GH13_16,GH13_3",starch,starch,0.41,0.999969482421875
MGYG000297371_64|CGC1,"5.B.1,GH13_6,GH119",starch,starch,0.4133333333333333,0.999969482421875
MGYG000296075_3|CGC2,"8.A.46,1.B.14,FecR,GH109,AraC_binding,HTH_AraC|HTH_AraC,1.B.14,null,null,PL1_2,GH43_10,CE12,CE8,GH28,CE12,CE8,PL1_2,null,null,GH105,1.A.33",pectin,pectin,0.9726666666666668,0.0
MGYG000296903_62|CGC1,"8.A.46,1.B.14,GH13_10",starch,starch,0.5446666666666666,0.00048828125
MGYG000296036_41|CGC1,"8.A.46,1.B.14,GH28",pectin,pectin,0.664,0.0
MGYG000297464_14|CGC1,"8.A.46,1.B.14,GH5_46|CBM6|CBM6,GH16_3,1.B.14",beta-glucan,beta-glucan,0.5753333333333334,3.0517578125e-05
MGYG000297049_35|CGC1,"8.A.46,1.B.14,LacI,2.A.2,null,GH65,GH13,GH13,GH13",starch,starch,0.8859999999999999,0.0
MGYG000296109_10|CGC1,"8.A.46,1.B.14,null,GH105",pectin,pectin,0.6839999999999999,0.0
MGYG000297239_98|CGC1,"8.A.46,null,GH16_3,GH3",beta-glucan,beta-glucan,0.5726666666666667,0.0
MGYG000296864_9|CGC1,"8.A.46,null,GH16_3,null,GerE,GH5_46|CBM6|CBM6,null,null,3.E.1",beta-glucan,beta-glucan,0.6980000000000001,0.0
MGYG000296680_29|CGC1,"8.A.46,null,null,GH16_3,GH16_3,GT30,Aminotran_1_2,9.B.105",beta-glucan,beta-glucan,0.5606666666666666,0.00048828125
MGYG000296858_23|CGC1,"8.A.5,3.A.1,3.A.1,3.A.1,GH13_23,3.A.1",starch,starch,0.6146666666666667,0.0
MGYG000297053_2|CGC9,"8.A.5,GH29,GH43_12,GH43_12,GH29,null,PL8_2,null,PL29,HTH_AraC,GH88,1.B.14,null,null,GH2",host glycan,host glycan,0.6566666666666666,0.0
MGYG000296356_2|CGC1,"8.A.5,GH3,GH10",xylan,xylan,0.756,0.0
MGYG000296759_15|CGC3,"8.A.5,null,1.B.14,CBM41|GH13_13,GH13_13",starch,starch,0.4813333333333333,0.982421875
MGYG000297325_19|CGC1,"8.A.5,null,3.A.1,3.A.1,3.A.1,GH13_23,3.A.1",starch,starch,0.6173333333333333,0.0
MGYG000297187_26|CGC1,"8.A.5,null,3.A.1,3.A.1,3.A.1,GH13_23,3.A.1,GH3",starch,starch,0.6166666666666667,0.0
MGYG000297194_10|CGC1,"8.A.5,null,null,GH3,2.A.1,GH1,2.A.2",beta-glucan,beta-glucan,0.65,0.0
MGYG000297321_16|CGC1,"8.A.59,1.B.6,null,9.B.169,LacI,2.A.2,GH1,1.B.14",beta-glucan,beta-glucan,0.6346666666666666,0.0
MGYG000296188_1|CGC10,"8.A.59,3.A.1,3.A.1,3.A.1,GH67,GH8",xylan,xylan,0.7153333333333334,0.0
MGYG000296282_1|CGC1,"8.A.59,GH17,GH17,GH149,CBM57|GH16_3,GH16_3,1.B.14",beta-glucan,beta-glucan,0.5626666666666666,0.003692626953125
MGYG000297316_7|CGC4,"8.A.59,GH3,GH16_21,1.B.14",beta-glucan,beta-glucan,0.5233333333333333,0.017578125
MGYG000297010_3|CGC3,"8.A.59,GH3,GH16_21,1.B.14,null,1.B.14",beta-glucan,beta-glucan,0.5966666666666666,0.0
MGYG000296739_78|CGC1,"8.A.59,LytTR,GH16_3,1.B.14",beta-glucan,beta-glucan,0.622,3.0517578125e-05
MGYG000297135_4|CGC2,"8.A.59,LytTR,GH16_3,1.B.14,2.A.1,GH3",beta-glucan,beta-glucan,0.764,0.0
MGYG000296533_8|CGC1,"8.A.59,LytTR,GH16_3,1.B.14,2.A.1,GH3,SBP_bac_3,9.B.34",beta-glucan,beta-glucan,0.7126666666666667,0.0
MGYG000296816_16|CGC1,"9.A.25,GH3,GH16_3,1.B.14",beta-glucan,beta-glucan,0.724,0.0
MGYG000296878_10|CGC3,"9.A.40,GH16_3,CBM6,2.A.2,GH3,GH3",beta-glucan,beta-glucan,0.6546666666666667,0.0
MGYG000296013_61|CGC1,"9.A.8,null,null,4.D.3,GT2",cellulose,cellulose,0.4333333333333333,0.982421875
MGYG000296346_97|CGC1,"9.B.106,GT2,null,GH8",cellulose,cellulose,0.4066666666666666,0.999969482421875
MGYG000297253_5|CGC1,"9.B.115,null,PfkB,GH13,2.A.2,GH13_31",starch,starch,0.656,0.0
MGYG000296364_2|CGC2,"9.B.125,null,GT4,null,TPR_2,GH8,4.D.3,GT2",cellulose,cellulose,0.4053333333333333,0.99951171875
MGYG000296377_34|CGC1,"9.B.126,GH16_5,null,3.A.1,3.A.1,null,3.A.1,3.A.1,3.A.1",beta-glucan,beta-glucan,0.4793333333333333,0.696380615234375
MGYG000297453_28|CGC1,"9.B.146,null,2.A.1,GH30_1,GH16,GH5_46|CBM6|CBM6,null,8.A.46,1.B.14",beta-glucan,beta-glucan,0.6833333333333333,0.0
MGYG000297268_3|CGC1,"9.B.156,CBM48|GH13_9,GH13_16,GH13_3,CBM48|GH13_11,null,GH13_26,GH77,GH13_10,GT5,2.A.124",starch,starch,0.568,0.00048828125
MGYG000296595_63|CGC1,"9.B.168,null,null,GH92,GH92",host glycan,host glycan,0.6293333333333333,0.0
MGYG000297262_22|CGC1,"9.B.169,null,null,GH92,GH92,GH92",host glycan,host glycan,0.604,0.0
MGYG000296485_12|CGC1,"9.B.18,null,GT5,GH57,GH57,GH57",starch,starch,0.4006666666666666,0.99951171875
MGYG000297257_6|CGC1,"9.B.27,null,GH149,GH30_1,GH16_3,2.A.1,GH3,2.A.21,NUDIX,1.B.14,8.A.46,null,GH16_3",beta-glucan,beta-glucan,0.822,0.0
MGYG000296168_16|CGC2,"9.B.33,LacI,GH13_2|CBM20,3.A.1,3.A.1,3.A.1,CBM34|GH13_20",starch,starch,0.7746666666666666,0.0
MGYG000296252_3|CGC5,"9.B.34,2.A.59,HTH_5,null,1.B.52,HTH_AraC|HTH_AraC,GH3,3.A.1,3.A.1,3.A.1,3.A.1,LacI,GH94",beta-glucan,beta-glucan,0.632,0.0
MGYG000296356_100|CGC1,"9.B.34,CE12,1.B.14,GH105,GH43_10,null,GH28,CE8",pectin,pectin,0.9666666666666668,0.0
MGYG000296087_66|CGC1,"9.B.34,PL7_5,PL6_3,1.B.14",alginate,alginate,0.628,0.0
MGYG000297038_12|CGC1,"9.B.34,null,9.B.32,8.A.1,3.A.1,3.A.1,3.A.1,null,CBM48|GH13_9,GH77,GT35",starch,starch,0.61,0.0
MGYG000296077_15|CGC1,"9.B.34,null,GH3,2.A.1,1.B.14,GH16_3,LytTR,8.A.59",beta-glucan,beta-glucan,0.7726666666666666,0.0
MGYG000296612_14|CGC2,"9.B.34,null,HTH_3,8.A.59,HTH_AraC|HTH_AraC,SBP_bac_1,3.A.1,3.A.1,GH120,0040266,2.A.11",xylan,xylan,0.5926666666666667,3.0517578125e-05
MGYG000296289_8|CGC1,"9.B.34,null,null,GH43_12,GH67,null,null,GH2,GH115",xylan,xylan,0.7713333333333333,0.0
MGYG000296612_7|CGC5,"CBM34|GH13_20,3.A.1,3.A.1,3.A.1",starch,starch,0.672,0.0
MGYG000296488_41|CGC1,"CBM34|GH13_20,3.A.1,3.A.1,3.A.1,1.B.26,null,3.A.1,CBM69,3.A.1,GH13_2",starch,starch,0.658,0.0
MGYG000296903_7|CGC1,"CBM38|GH32,null,null,GH32,2.A.1,GH3,GH3",beta-glucan,beta-glucan,0.4673333333333333,0.940765380859375
MGYG000296555_17|CGC2,"CBM48|GH13_11,GH13_10,GH77,GH13_26,2.A.33,null,2.A.1,LacI,GH43_1",starch,starch,0.5326666666666667,0.15087890625
MGYG000296337_15|CGC1,"CBM48|GH13_11,GH13_26,GH13_10,2.A.37",starch,starch,0.492,0.4999999999999999
MGYG000296606_4|CGC1,"CBM48|GH13_11,GH13_3,GH13_16,CBM48|GH13_9,null,1.B.14",starch,starch,0.4606666666666666,0.84912109375
MGYG000296064_20|CGC1,"CBM48|GH13_11,GT5,null,CBM48|GH13_9,GT35,GH13_23,2.A.1",starch,starch,0.5286666666666666,0.303619384765625
MGYG000296998_18|CGC1,"CBM48|GH13_11,GT5,null,GH13_9,CBM48|GH13_9,GH13_23,8.A.9",starch,starch,0.5920000000000001,0.0
MGYG000296686_1|CGC1,"CBM48|GH13_9,GH13_16,GH13_3|GH13_3,null,9.B.18",starch,starch,0.4073333333333334,0.999969482421875
MGYG000296340_22|CGC1,"CBM48|GH13_9,GH13_16,GH13_3|GH13_3,null,PAS|PAS|PAS|HisKA|HATPase_c|Response_reg|Response_reg,9.B.20",starch,starch,0.4253333333333333,0.999969482421875
MGYG000297083_24|CGC1,"CBM4|CBM4|CBM4,GH5_45,SBP_bac_1,SBP_bac_1,3.A.1,3.A.1,TPR_1,null,3.A.1,3.A.1,GH16_3|CBM6,LacI,GH16_3",beta-glucan,beta-glucan,0.7899999999999999,0.0
MGYG000297088_14|CGC1,"CBM51,GH43_18,1.A.23,GH105,GH106,GH31,GH105,null,CE12|CE12",pectin,pectin,0.7993333333333333,0.0
MGYG000297133_9|CGC2,"CBM9,GH92,HTH_DeoR,GH2,GH92,GH92,null,1.B.14",host glycan,host glycan,0.6486666666666667,0.0
MGYG000296289_53|CGC1,"CE12,1.B.14,null,GH105,GH28",pectin,pectin,0.9426666666666668,0.0
MGYG000297316_6|CGC1,"CE12,CBM6|CBM35|PL10,GH105,2.A.7,2.A.63,2.A.63,2.A.63,null,2.A.63,2.A.63,null,1.B.52,PL10_1",pectin,pectin,0.4533333333333333,0.99951171875
MGYG000296555_3|CGC1,"CE12,CE12,null,null,GH35,GH105,2.A.2,PL11_1,1.B.14,null,PL26,LacI,GH68,2.A.2,1.B.17,null,3.A.1",pectin,pectin,0.8293333333333333,0.0
MGYG000296188_9|CGC1,"CE12,GH105,3.A.1,3.A.1,3.A.1,HTH_AraC|HTH_AraC,9.B.33",pectin,pectin,0.7013333333333333,0.0
MGYG000297246_55|CGC1,"CE12,GH105,GH106,1.B.14,8.A.46,GH31,GAF|HisKA|HATPase_c,null,8.A.3,null,9.B.18,GT2",pectin,pectin,0.7113333333333334,0.0
MGYG000296336_1|CGC1,"CE12,null,GH105,GH28,CE8,2.A.21,null,null,2.A.6,2.A.6",pectin,pectin,0.878,0.0
MGYG000296949_1|CGC9,"CE15,8.A.5,GH10,2.A.2,GH43_11",xylan,xylan,0.818,0.0
MGYG000296612_10|CGC2,"CE4,null,null,8.A.59,null,LacI,GH77,3.A.1,3.A.1,3.A.1,GT35",starch,starch,0.606,0.0
MGYG000296863_1|CGC1,"CE4,null,null,GH2,9.B.158,GH20,GH92,2.A.1",host glycan,host glycan,0.7726666666666666,0.0
MGYG000296652_17|CGC1,"CE8,1.B.14,CE7,CE12,1.B.14,GH105,GH43_10,null,GH28,CE8",pectin,pectin,0.954,0.0
MGYG000296168_3|CGC4,"CE8,3.A.1,null,null,GH66|CBM35|CBM35|GH15,GH66,3.A.1,3.A.1",starch,starch,0.594,0.0
MGYG000297316_6|CGC4,"CE8,null,PL1_2,GH28,2.A.56,2.A.56,2.A.56,GH105,null,HTH_1,3.D.1,null,9.B.34",pectin,pectin,0.836,0.0
MGYG000296128_3|CGC1,"CE9,GntR,GH20,3.A.1,3.A.1,3.A.1,3.A.1",host glycan,host glycan,0.514,0.303619384765625
MGYG000296452_10|CGC1,"GH0,GH13_41,3.A.1,3.A.1,3.A.1,3.A.1",starch,starch,0.6206666666666667,0.0
MGYG000296950_41|CGC1,"GH0,GH77,3.A.1,null,3.A.1,3.A.1,null,8.A.59",starch,starch,0.6026666666666666,0.0
MGYG000296859_17|CGC1,"GH1,3.A.1,3.A.1,3.A.1,3.A.1,3.A.1,GH16_3",beta-glucan,beta-glucan,0.6413333333333334,0.0
MGYG000296392_62|CGC1,"GH1,3.A.1,3.A.1,3.A.1,GH13_23,3.A.1",starch,starch,0.5786666666666667,3.0517578125e-05
MGYG000297270_18|CGC1,"GH1,GH3,8.A.5,GH30_1",beta-glucan,beta-glucan,0.612,0.0
MGYG000296909_15|CGC1,"GH1,LacI,3.A.1,3.A.1,3.A.1,GH13_23,3.A.1",starch,starch,0.628,0.0
MGYG000296832_34|CGC1,"GH1,LacI,3.A.1,3.A.1,3.A.1,GH13_23,3.A.1,null,3.A.1,3.A.1",starch,starch,0.6173333333333333,0.0
MGYG000296336_3|CGC2,"GH10,2.A.2,GH43_1,null,GH10",xylan,xylan,0.9366666666666666,0.0
MGYG000296410_9|CGC1,"GH10,2.A.2,GH43_1,null,GH151",xylan,xylan,0.8320000000000001,0.0
MGYG000296799_23|CGC1,"GH10,2.A.2,GH43_11,NUDIX,null,2.A.1,8.A.1",xylan,xylan,0.7886666666666666,0.0
MGYG000296595_62|CGC1,"GH10,8.A.46,1.B.14,null,GH3",xylan,xylan,0.7553333333333333,0.0
MGYG000296721_25|CGC1,"GH10,GH115,null,CE15,null,GH10,null,null,1.B.14,null,1.B.14,GH43_12,HTH_AraC,GH8,GH43_2|CBM6,CE6,GH43_10,GH115,GH98|CBM35,GH43_12",xylan,xylan,0.958,0.0
MGYG000296535_26|CGC1,"GH10,GH43_12,GH3,2.A.1",xylan,xylan,0.8346666666666667,0.0
MGYG000297088_14|CGC2,"GH105,2.A.8,null,null,CE8,CE12,GH28",pectin,pectin,0.9,0.0
MGYG000296168_2|CGC8,"GH105,SBP_bac_1,3.A.1,3.A.1",pectin,pectin,0.5393333333333333,0.017578125
MGYG000297024_3|CGC2,"GH105,null,GH2,GH95,PL38,null,2.A.56,2.A.56,2.A.56",pectin,pectin,0.5113333333333333,0.059234619140625
MGYG000296075_2|CGC7,"GH105,null,GH5_13,GH93,GH43_31,GH43_31,GH43_18,8.A.46,1.B.14",pectin,pectin,0.4766666666666667,0.696380615234375
MGYG000297149_4|CGC2,"GH105,null,null,2.A.53,GH31,GH2,GH95",pectin,pectin,0.574,3.0517578125e-05
MGYG000297149_1|CGC4,"GH106,CE15,HTH_AraC,LacI,1.B.14,null,null,GH30_8,GH35",xylan,xylan,0.6940000000000001,0.0
MGYG000296652_98|CGC1,"GH106,null,HTH_AraC,CBM67|GH78,null,null,1.B.14",pectin,pectin,0.6026666666666666,0.0
MGYG000297088_5|CGC2,"GH106,null,null,8.A.46,1.B.14",pectin,pectin,0.6393333333333333,0.0
MGYG000296017_51|CGC1,"GH115,GH115,GH43_1,null,2.A.2",xylan,xylan,0.666,0.0
MGYG000296336_2|CGC5,"GH115,GH2,null,1.B.14,null,null,GH67,GH43_12,null,null,1.B.14",xylan,xylan,0.7899999999999999,0.0
MGYG000297316_7|CGC6,"GH115,null,GH11|CBM60,null,1.B.14,GH43_1",xylan,xylan,0.6713333333333333,0.0
MGYG000296898_4|CGC2,"GH115,null,null,1.B.14,null,GH43_10,GH43_12,GH10,GH27|CBM51,null,null,GH43_1",xylan,xylan,0.9266666666666666,0.0
MGYG000297149_6|CGC2,"GH117|GH117,null,1.B.14,GH31,PL22|PL22_2,GT4",pectin,pectin,0.606,0.0
MGYG000296565_18|CGC1,"GH125,LytTR,null,GH92,2.A.21,GH130,CBM9,null,GH92,1.B.14,8.A.46",host glycan,host glycan,0.8086666666666668,0.0
MGYG000297416_79|CGC1,"GH128,CBM13,PL11_1,null,2.A.21,GH2,GH43_19|GH43_34,GH43_29,GH43_26,GH27|CBM51",xylan,xylan,0.6826666666666666,0.0
MGYG000296275_9|CGC2,"GH13,2.A.1,GH5_46|CBM6,GH16_3|CBM6,GH3",beta-glucan,beta-glucan,0.5826666666666667,0.0
MGYG000296374_6|CGC3,"GH13,2.A.2,LacI,1.B.14,null,GH13,GH13_23,GH97",starch,starch,0.8686666666666666,0.0
MGYG000296168_1|CGC1,"GH13,3.A.1,3.A.1,3.A.1,GH13,1.B.52",starch,starch,0.7566666666666666,0.0
MGYG000296208_20|CGC1,"GH13,GH13,null,GH13_36,GH65,null,2.A.2,LacI,1.B.14",starch,starch,0.9113333333333332,0.0
MGYG000296202_3|CGC1,"GH13,GH13_19,CE1|GH31,GH13,GH65,null,2.A.2,LacI,1.B.14,8.A.46,null,GH13_10,null,CE4,null,null,GH92,2.A.1",starch,starch,0.794,0.0
MGYG000297060_23|CGC1,"GH13,GH77,CBM48|GH13_11,CBM48|GH13_9,GT35,GH13_2,GH31,Glucokinase,SBP_bac_3,2.A.1,GH65",starch,starch,0.7846666666666666,0.0
MGYG000297151_38|CGC1,"GH138,GH138,null,2.A.21",pectin,pectin,0.4073333333333334,0.99951171875
MGYG000296748_18|CGC1,"GH13_10,1.B.14,8.A.46",starch,starch,0.5446666666666666,0.00048828125
MGYG000297446_15|CGC2,"GH13_10,1.B.14,8.A.46,null,null,3.A.1",starch,starch,0.628,0.0
MGYG000296585_5|CGC1,"GH13_10,null,1.B.14,8.A.46,GH13_5,GH31",starch,starch,0.6226666666666667,0.0
MGYG000296618_207|CGC1,"GH13_10,null,8.A.46",starch,starch,0.5760000000000001,0.0
MGYG000296469_5|CGC1,"GH13_10,null,8.A.46,1.B.14,LacI,2.A.2,null,GH65,GH13,CE1|GH31,GH13_19,GH13",starch,starch,0.8640000000000001,0.0
MGYG000296637_9|CGC1,"GH13_10,null,8.A.46,1.B.14,LacI,2.A.2,null,GH65,GH13,GH31,GH13_19,GH13",starch,starch,0.8806666666666667,0.0
MGYG000297453_2|CGC1,"GH13_10,null,8.A.46,1.B.14,LacI,2.A.2,null,GH65,GH13_36,null,GH31,GH13",starch,starch,0.9246666666666666,0.0
MGYG000297459_32|CGC1,"GH13_10,null,8.A.46,1.B.14,null,LacI,2.A.2",starch,starch,0.6826666666666666,0.0
MGYG000296191_76|CGC1,"GH13_10,null,null,8.A.46,1.B.14",starch,starch,0.5946666666666667,0.0
MGYG000296881_7|CGC1,"GH13_10,null,null,8.A.46,1.B.14,LacI,2.A.2,null,GH65,GH13,null,GH31,GH13",starch,starch,0.8933333333333333,0.0
MGYG000296337_5|CGC1,"GH13_11,GH13_3,CBM48|GH13_9,TPR_2,null,2.A.86,null,GH23",starch,starch,0.4366666666666666,0.99951171875
MGYG000297158_4|CGC1,"GH13_11,null,null,GH38,3.A.1,3.A.1,SBP_bac_1,MarR,GT35",starch,starch,0.6006666666666667,0.0
MGYG000296435_37|CGC1,"GH13_13,1.B.14,GH13,null,null,1.B.14,null,null,3.A.25",starch,starch,0.6053333333333334,0.0
MGYG000296488_152|CGC1,"GH13_13,HTH_1,GH13_31,3.A.1",starch,starch,0.4973333333333333,0.4999999999999999
MGYG000297265_19|CGC2,"GH13_13,null,1.B.14,1.B.14,null,8.A.5,2.A.2,null,null,GH13_13,null,GH77,CBM48|GH13_11,GH13_9,GT35",starch,starch,0.594,0.0
MGYG000297026_61|CGC1,"GH13_16,GH13_10,GH77,2.A.1",starch,starch,0.5373333333333333,0.15087890625
MGYG000297039_40|CGC1,"GH13_16,null,3.A.1,3.A.1",starch,starch,0.4633333333333333,0.996307373046875
MGYG000297239_26|CGC1,"GH13_19,GH13,GH31,null,GH13,GH65,null,2.A.2,LacI,1.B.14,8.A.46,null,GH13",starch,starch,0.8953333333333333,0.0
MGYG000296336_9|CGC1,"GH13_2,2.A.2,GH13,GH13_38,null,null,CBM41|GH13_13,1.B.14,null,null,1.B.14",starch,starch,0.7113333333333334,0.0
MGYG000296413_20|CGC1,"GH13_20,3.A.1,3.A.1,3.A.1,null,3.A.1",starch,starch,0.6213333333333334,0.0
MGYG000296536_3|CGC1,"GH13_20,3.A.1,3.A.1,3.A.1,null,GH13",starch,starch,0.8133333333333332,0.0
MGYG000296690_19|CGC1,"GH13_20,null,3.A.1,3.A.1,3.A.1,null,GH31,GH13",starch,starch,0.8119999999999999,0.0
MGYG000297231_102|CGC1,"GH13_21,3.A.1,3.A.1",starch,starch,0.4566666666666666,0.996307373046875
MGYG000296475_16|CGC1,"GH13_21,3.A.1,3.A.1,3.A.1,GH13_32,null,GH13_30,2.A.6",starch,starch,0.5153333333333333,0.303619384765625
MGYG000296307_1|CGC9,"GH13_21,3.A.1,3.A.1,SBP_bac_1,GH13_30,GH13_30,2.A.6",starch,starch,0.4553333333333333,0.99951171875
MGYG000296337_8|CGC4,"GH13_21,GH13_32,3.A.1,3.A.1,3.A.1,null,3.A.17",starch,starch,0.6173333333333333,0.0
MGYG000297077_30|CGC1,"GH13_23,1.B.14,null,GH97,GH13,GH43_12,null,2.A.2",starch,starch,0.738,0.0
MGYG000296168_13|CGC3,"GH13_23,2.A.5,null,null,3.A.1,3.A.1",starch,starch,0.5973333333333334,3.0517578125e-05
MGYG000296672_22|CGC1,"GH13_23,3.A.1,3.A.1,3.A.1",starch,starch,0.5833333333333334,0.0
MGYG000296311_2|CGC2,"GH13_23,3.A.1,3.A.1,3.A.1,3.A.1,GH13_19,8.A.5,3.A.1",starch,starch,0.5826666666666667,0.0
MGYG000297283_6|CGC1,"GH13_23,CBM48|GH13_9,null,GT5,CBM48|GH13_11,GT35,null,2.A.56",starch,starch,0.5626666666666666,0.00048828125
MGYG000296464_1|CGC6,"GH13_23,GH13_23,MarR,2.A.1",starch,starch,0.4453333333333333,0.99951171875
MGYG000296878_18|CGC2,"GH13_23,null,1.B.14,GH13,null,null,8.A.1,9.B.32",starch,starch,0.5846666666666667,0.00048828125
MGYG000296317_87|CGC1,"GH13_23,null,3.A.1,3.A.1",starch,starch,0.5853333333333333,3.0517578125e-05
MGYG000296641_78|CGC1,"GH13_3,GH13_16,CBM48|GH13_9,4.D.2",starch,starch,0.41,0.999969482421875
MGYG000297296_3|CGC4,"GH13_30,3.A.1,3.A.1,3.A.1",starch,starch,0.5293333333333333,0.003692626953125
MGYG000297296_3|CGC3,"GH13_30,3.A.1,3.A.1,SBP_bac_1,GH36",starch,starch,0.5506666666666666,0.00048828125
MGYG000297296_3|CGC1,"GH13_30,SBP_bac_1,3.A.1,3.A.1",starch,starch,0.5459999999999999,0.003692626953125
MGYG000296576_9|CGC1,"GH13_31,2.A.2,2.A.1,GH37,GH13",starch,starch,0.6266666666666667,0.0
MGYG000296168_2|CGC6,"GH13_31,null,null,3.A.1,3.A.1,3.A.1,3.A.1",starch,starch,0.5633333333333332,3.0517578125e-05
MGYG000297194_7|CGC1,"GH13_36,GH15,2.A.2,GH13_38,null,1.B.14,GH13_23,null,null,3.A.7,null,2.A.23",starch,starch,0.678,0.0
MGYG000296300_25|CGC1,"GH13_36,null,GH13_10,null,8.A.46,1.B.14,LacI,null,1.B.23",starch,starch,0.7586666666666667,0.0
MGYG000296126_12|CGC1,"GH13_36,null,null,1.B.14,GH13_23,2.A.89",starch,starch,0.6573333333333333,0.0
MGYG000297083_17|CGC1,"GH13_36,null,null,3.A.1,3.A.1,CBM34|GH13_20,null,2.A.36",starch,starch,0.712,0.0
MGYG000296587_1|CGC9,"GH13_37,CBM34|GH13_20,3.A.1,3.A.1,null,null,CBM41|GH13_14",starch,starch,0.6846666666666666,0.0
MGYG000296612_2|CGC3,"GH13_4,GH65,3.A.1,3.A.1,3.A.1,HTH_AraC|HTH_AraC,2.A.19,3.A.18,1.A.33",starch,starch,0.5546666666666666,0.003692626953125
MGYG000296087_88|CGC1,"GH13_4,null,2.A.1",starch,starch,0.4513333333333333,0.996307373046875
MGYG000296435_22|CGC1,"GH13_4,null,2.A.1,null,2.A.55",starch,starch,0.4893333333333333,0.696380615234375
MGYG000296081_10|CGC2,"GH13_7,GH13_10,null,8.A.46,1.B.14,LacI,2.A.2,null,GH65,GH97,GH13,GH13",starch,starch,0.924,0.0
MGYG000297416_14|CGC1,"GH140,GH30_8,GH67,null,GH2,CE15,GH115,GH26,null,null,GH97,null,null,GH42,HTH_AraC,null,2.A.6",xylan,xylan,0.6993333333333334,0.0
MGYG000296555_16|CGC1,"GH144,LacI,2.A.2,null,null,CE2,null,2.A.1,GH3,1.B.14",beta-glucan,beta-glucan,0.6606666666666666,0.0
MGYG000296721_39|CGC1,"GH146,GH43_10,CE6,GH51,GH3,null,CE1,CE1,CE1,CE1,CE1,null,null,GH97,GH67,GH9,GH43_2|CBM6,GH95,GH8,GH51,HTH_AraC,null,1.B.14",xylan,xylan,0.8646666666666666,0.0
MGYG000297246_33|CGC1,"GH146,GH43_34|CBM32,null,HTH_AraC|HTH_AraC,GH146,8.A.46,1.B.14",xylan,xylan,0.6413333333333334,0.0
MGYG000297246_51|CGC1,"GH147,HTH_AraC,1.B.14,8.A.46,null,GH53,GH2",pectin,pectin,0.7153333333333334,0.0
MGYG000297416_92|CGC1,"GH148,null,GH43_12,HD,null,9.B.172,null,null,GH29|CBM32,GH29",host glycan,host glycan,0.6906666666666667,0.0
MGYG000296017_36|CGC1,"GH149,CBM57|GH16_3,GH16_3,1.B.14",beta-glucan,beta-glucan,0.6086666666666667,0.0
MGYG000296427_9|CGC1,"GH149,GH17,GH158,GH17,0035607,null,2.A.22",beta-glucan,beta-glucan,0.4573333333333333,0.99951171875
MGYG000296048_24|CGC1,"GH149,GH17,GH158,GH30_1,GH17,null,1.B.16",beta-glucan,beta-glucan,0.528,0.003692626953125
MGYG000296877_50|CGC1,"GH149,GH30_1,GH1,3.A.1,3.A.1,3.A.1,3.A.1,GH16_3",beta-glucan,beta-glucan,0.604,0.0
MGYG000296719_29|CGC1,"GH149,GH30_1,GH16_3,2.A.1",beta-glucan,beta-glucan,0.5166666666666667,0.303619384765625
MGYG000296145_39|CGC1,"GH149,null,GH30_1,GH17,null,2.A.102",beta-glucan,beta-glucan,0.4913333333333333,0.4999999999999999
MGYG000297010_15|CGC1,"GH15,2.A.2,GH13_38,GH13_36,null,1.B.14,GH13_23",starch,starch,0.6880000000000001,0.0
MGYG000296242_12|CGC1,"GH15,2.A.2,GH13_38,GH13_36,null,1.B.14,GH13_23,null,null,3.A.7,null,2.A.23,8.A.21",starch,starch,0.6406666666666666,0.0
MGYG000296626_7|CGC1,"GH158,GH17,null,GH149,GH17,GH17,null,2.A.6,2.A.6",beta-glucan,beta-glucan,0.5153333333333333,0.303619384765625
MGYG000297149_26|CGC2,"GH159,1.B.14,8.A.46,null,PL1_2",pectin,pectin,0.7646666666666667,0.0
MGYG000296538_10|CGC1,"GH16,GH3,GH158,GH3,2.A.2,2.A.1,8.A.59",beta-glucan,beta-glucan,0.882,0.0
MGYG000296587_1|CGC5,"GH161,GH30_1,GH5_45,GH3,null,SBP_bac_1,3.A.1,3.A.1,TPR_2,null,3.A.1,3.A.1,GH16_3,GH3,GH16_3|CBM6,LacI,GH16_3",beta-glucan,beta-glucan,0.8133333333333332,0.0
MGYG000296870_62|CGC1,"GH16_3,2.A.1,null,GH16_3",beta-glucan,beta-glucan,0.7093333333333334,0.0
MGYG000296938_50|CGC1,"GH16_3,2.A.21,GH3,1.B.14,LytTR,8.A.59",beta-glucan,beta-glucan,0.7073333333333333,0.0
MGYG000297376_56|CGC1,"GH16_3,2.A.21,GH3,1.B.14,LytTR,9.B.33",beta-glucan,beta-glucan,0.6066666666666667,0.0
MGYG000296902_23|CGC1,"GH16_3,3.A.1,3.A.1,3.A.1,3.A.1,GH1,GH30_1,GH149",beta-glucan,beta-glucan,0.604,0.0
MGYG000297173_86|CGC1,"GH16_3,GH149,GH17,GH17,null,null,2.A.2",beta-glucan,beta-glucan,0.5046666666666667,0.4999999999999999
MGYG000296385_15|CGC1,"GH16_3,GH16_3,2.A.21",beta-glucan,beta-glucan,0.6193333333333333,0.0
MGYG000297419_23|CGC2,"GH16_3,GH16_3,GH16_3,2.A.21",beta-glucan,beta-glucan,0.6233333333333333,0.0
MGYG000297446_9|CGC1,"GH16_3,GH16_3,GH16_3,null,8.A.46,1.B.14,HTH_AraC,GH3",beta-glucan,beta-glucan,0.8059999999999999,0.0
MGYG000296711_7|CGC1,"GH16_3,GH16_3,null,8.A.46,1.B.14",beta-glucan,beta-glucan,0.6286666666666666,0.0
MGYG000297391_39|CGC1,"GH16_3,GH3,2.A.1",beta-glucan,beta-glucan,0.7686666666666666,0.0
MGYG000296565_34|CGC1,"GH16_3,GH3,GH16_3,GT30,Aminotran_1_2,9.B.105",beta-glucan,beta-glucan,0.5926666666666667,3.0517578125e-05
MGYG000296202_9|CGC1,"GH16_3,GH3,GH16_3,null,8.A.46,1.B.14",beta-glucan,beta-glucan,0.7393333333333333,0.0
MGYG000297045_12|CGC2,"GH16_3,LytTR,8.A.59",beta-glucan,beta-glucan,0.5466666666666666,0.00048828125
MGYG000296186_10|CGC1,"GH16_3,null,2.A.1,null,null,GH16_3,null,8.A.46,1.B.14,null,GH3",beta-glucan,beta-glucan,0.748,0.0
MGYG000296109_47|CGC1,"GH16_3,null,8.A.46,1.B.14,GerE,null,9.B.18",beta-glucan,beta-glucan,0.6693333333333334,0.0
MGYG000296548_34|CGC1,"GH16_3,null,GH0,GH16_3,CBM4|CBM4,8.A.46,1.B.14",beta-glucan,beta-glucan,0.7533333333333334,0.0
MGYG000296695_53|CGC1,"GH16_3,null,GH3,1.B.14",beta-glucan,beta-glucan,0.8626666666666666,0.0
MGYG000297088_51|CGC1,"GH16_3,null,null,1.B.14,GerE,null,1.B.14,null,null,9.B.143",beta-glucan,beta-glucan,0.6626666666666666,0.0
MGYG000296020_11|CGC1,"GH17,2.A.1,GH16_3,GH30_1,GH149",beta-glucan,beta-glucan,0.5146666666666666,0.059234619140625
MGYG000296219_1|CGC3,"GH17,2.A.1,GH16_3,GH30_1,GH149,2.A.1",beta-glucan,beta-glucan,0.5673333333333334,3.0517578125e-05
MGYG000296076_8|CGC2,"GH17,2.A.1,GH16_3,GH30_1,GH149,2.A.1,GT4,GH3",beta-glucan,beta-glucan,0.656,0.0
MGYG000296891_2|CGC1,"GH17,2.A.2,GH30_1,GH17,GH149,null,GH16_3,null,GH0",beta-glucan,beta-glucan,0.5446666666666666,0.003692626953125
MGYG000297210_20|CGC1,"GH17,GH149,GH17,GH17,null,null,1.B.25,null,2.A.102",beta-glucan,beta-glucan,0.4806666666666667,0.84912109375
MGYG000297068_5|CGC1,"GH17,GH17,GH17,GH3,GH149,null,2.A.47,null,9.B.33",beta-glucan,beta-glucan,0.5413333333333333,0.003692626953125
MGYG000296140_2|CGC4,"GH17,GH17,GH30_1,GH158,GH17,GH149,GH16_3,null,8.A.46,1.B.14",beta-glucan,beta-glucan,0.5980000000000001,3.0517578125e-05
MGYG000297043_81|CGC1,"GH2,GH3,1.B.14,GH16_3",beta-glucan,beta-glucan,0.736,0.0
MGYG000296330_3|CGC1,"GH2,HTH_AraC,1.B.14",pectin,pectin,0.5459999999999999,0.00048828125
MGYG000296095_99|CGC1,"GH2,Trans_reg_C,2.A.21,GT5",pectin,pectin,0.5206666666666667,0.15087890625
MGYG000296436_58|CGC1,"GH2,null,2.A.47,GH33,GH35,GH29,GH29,GH3",host glycan,host glycan,0.6553333333333333,0.0
MGYG000297474_1|CGC1,"GH2,null,GH20,GH92,2.A.1",host glycan,host glycan,0.7886666666666666,0.0
MGYG000296721_6|CGC1,"GH2,null,null,GH43_12,CBM67|GH78,null,GH106,null,8.A.46,1.B.14,FecR,Sigma70_r2|Sigma70_r4_2,GH51,GH43_5,GH43_29,GH43_4,null,1.B.14",xylan,xylan,0.7073333333333333,0.0
MGYG000296848_5|CGC1,"GH20,9.B.158,null,HTH_3,GH2,GH92",host glycan,host glycan,0.7833333333333333,0.0
MGYG000297253_86|CGC1,"GH20,GH92,null,2.A.1",host glycan,host glycan,0.8153333333333334,0.0
MGYG000296036_28|CGC1,"GH20,GH92,null,CBM9,GH130,2.A.21,GH92",host glycan,host glycan,0.7546666666666667,0.0
MGYG000296779_3|CGC1,"GH20,null,8.A.46,1.B.14",host glycan,host glycan,0.8713333333333334,0.0
MGYG000297316_19|CGC1,"GH28,1.B.14,1.B.14,1.B.14,PL1_5|CBM13",pectin,pectin,0.6793333333333333,0.0
MGYG000297088_14|CGC3,"GH28,AraC_binding|AraC_binding,null,GH51,GH67,HTH_8|HTH_AraC,GH10,2.A.2,GH43_1",xylan,xylan,0.8073333333333333,0.0
MGYG000297151_23|CGC2,"GH28,GH2,null,CE8,2.A.38,2.A.38",pectin,pectin,0.6753333333333332,0.0
MGYG000297053_22|CGC1,"GH28,null,GH106,GH42,PL26,null,null,GH105,null,8.A.46,1.B.14,FecR,GerE,CE8,CE12,GH28,CE8,GH43_10,HTH_AraC|HTH_AraC,1.B.14,null,null,PL10_2,null,GH43_9,AraC_binding,GH31",pectin,pectin,0.954,0.0
MGYG000296393_13|CGC1,"GH28|PL9_1,CE12,CE8,CE12,PL10_1,GH32,2.A.1",pectin,pectin,0.948,0.0
MGYG000296898_5|CGC1,"GH29,GH20,1.B.14",host glycan,host glycan,0.878,0.0
MGYG000296036_127|CGC1,"GH29,GH3,2.A.21,PIG-L,GH92",host glycan,host glycan,0.6673333333333333,0.0
MGYG000296385_12|CGC1,"GH29,null,GH29,GH29|CBM32,null,null,GH95,GH16,null,null,2.A.1",host glycan,host glycan,0.734,0.0
MGYG000296475_6|CGC1,"GH29,null,GH29,SBP_bac_1,3.A.1,3.A.1,GH29,GH29",host glycan,host glycan,0.666,0.0
MGYG000297102_27|CGC1,"GH3,1.B.14,8.A.46,GH10,GH10",xylan,xylan,0.764,0.0
MGYG000297265_5|CGC1,"GH3,1.B.14,null,null,GH3,2.A.1,GH1,2.A.2,LacI,CBM9,GH94,GH94,2.A.2",beta-glucan,beta-glucan,0.6046666666666667,3.0517578125e-05
MGYG000296498_78|CGC1,"GH3,2.A.1,1.B.14,GH16_3,LytTR,8.A.59",beta-glucan,beta-glucan,0.764,0.0
MGYG000296533_54|CGC1,"GH3,2.A.1,GH1,2.A.2,2.A.2",beta-glucan,beta-glucan,0.534,3.0517578125e-05
MGYG000296242_63|CGC1,"GH3,2.A.1,GH1,2.A.2,LacI,null,GH73",beta-glucan,beta-glucan,0.5826666666666667,0.0
MGYG000296536_9|CGC1,"GH3,3.A.1,3.A.1,3.A.1,null,GH3,null,LacI,GH16_3,3.A.1,3.A.1,null,TPR_1,3.A.1,3.A.1",beta-glucan,beta-glucan,0.6866666666666668,0.0
MGYG000297149_11|CGC1,"GH3,GH144,GH43_28,null,GH144,GH144,null,null,1.B.14",beta-glucan,beta-glucan,0.4713333333333333,0.996307373046875
MGYG000297294_19|CGC1,"GH3,GH149,GH30_1,GH1,3.A.1",beta-glucan,beta-glucan,0.5466666666666666,0.059234619140625
MGYG000297337_1|CGC2,"GH3,GH16_3,2.A.21",beta-glucan,beta-glucan,0.7373333333333334,0.0
MGYG000296842_94|CGC1,"GH3,GH16_3,null,8.A.46",beta-glucan,beta-glucan,0.5726666666666667,0.0
MGYG000297022_4|CGC1,"GH3,GH16_3,null,8.A.46,1.B.14",beta-glucan,beta-glucan,0.6873333333333334,0.0
MGYG000296288_24|CGC1,"GH3,GH17,Glucokinase,GH3,LacI,2.A.21",beta-glucan,beta-glucan,0.5746666666666667,0.003692626953125
MGYG000296075_14|CGC2,"GH3,GH43_28|CBM32,GH144,GH144,null,null,1.B.14",beta-glucan,beta-glucan,0.5046666666666667,0.15087890625
MGYG000296063_29|CGC1,"GH3,GH43_28|CBM32,null,GH144,GH144,null,null,1.B.14",beta-glucan,beta-glucan,0.532,0.003692626953125
MGYG000296500_31|CGC1,"GH3,LytTR,8.A.59,null,CBM4|CBM4|CBM4|CBM4,null,3.B.1,3.B.1,null,null,2.A.21",beta-glucan,beta-glucan,0.7573333333333333,0.0
MGYG000296548_29|CGC1,"GH3,null,1.B.14,8.A.46,GH10,GH10,2.A.1",xylan,xylan,0.8473333333333333,0.0
MGYG000296595_22|CGC1,"GH3,null,1.B.14,GH10",xylan,xylan,0.838,0.0
MGYG000296626_37|CGC1,"GH3,null,8.A.59,LytTR,GH16_3",beta-glucan,beta-glucan,0.7246666666666666,0.0
MGYG000296036_13|CGC1,"GH3,null,GH144,GH144,8.A.46,1.B.14",beta-glucan,beta-glucan,0.4066666666666666,0.999969482421875
MGYG000296683_14|CGC5,"GH3,null,TetR_N,GH32,2.A.1,PfkB,2.A.1",beta-glucan,beta-glucan,0.5126666666666667,0.059234619140625
MGYG000297097_9|CGC1,"GH3,null,null,8.A.59,LytTR,GH16_3",beta-glucan,beta-glucan,0.7426666666666667,0.0
MGYG000296191_22|CGC2,"GH30,null,1.B.14",beta-glucan,beta-glucan,0.48,0.84912109375
MGYG000296565_2|CGC2,"GH30,null,null,1.B.14",beta-glucan,beta-glucan,0.5473333333333333,0.00048828125
MGYG000296893_26|CGC1,"GH30_1,GH17,GH149,null,GH3,LacI,null,1.B.14",beta-glucan,beta-glucan,0.6913333333333334,0.0
MGYG000297212_26|CGC1,"GH30_1,GH3,GH16,GH5_46|CBM6|CBM6,null,8.A.46,1.B.14",beta-glucan,beta-glucan,0.7466666666666666,0.0
MGYG000296075_9|CGC3,"GH30_1,null,GH30_3,null,null,1.B.14",beta-glucan,beta-glucan,0.6813333333333333,0.0
MGYG000296809_132|CGC1,"GH31,2.A.2,GH57,GH13_20",starch,starch,0.608,3.0517578125e-05
MGYG000296951_46|CGC1,"GH31,3.A.1,3.A.1",starch,starch,0.6206666666666667,0.0
MGYG000296084_54|CGC1,"GH31,3.A.1,3.A.1,3.A.1",starch,starch,0.6113333333333333,0.0
MGYG000297451_17|CGC1,"GH31,3.A.1,3.A.1,SBP_bac_1,null,3.A.1,3.A.1,3.A.1",starch,starch,0.5733333333333334,3.0517578125e-05
MGYG000296109_3|CGC2,"GH31,GH13,GH13_7,null,8.A.46,1.B.14",starch,starch,0.75,0.0
MGYG000297158_44|CGC1,"GH31,GH15,SBP_bac_1,3.A.1,3.A.1",starch,starch,0.5993333333333334,0.0
MGYG000296081_41|CGC1,"GH31,PL1_2,null,1.B.14",pectin,pectin,0.6766666666666666,0.0
MGYG000296754_18|CGC1,"GH31,SBP_bac_1,3.A.1,3.A.1",starch,starch,0.588,3.0517578125e-05
MGYG000296612_10|CGC1,"GH31,null,3.A.1,3.A.1,3.A.1,GH13_29",starch,starch,0.5306666666666666,0.15087890625
MGYG000296891_12|CGC1,"GH32,2.A.1,PfkB,GH2,GH53,GntR,2.A.21,GH13_10,null,8.A.46,1.B.14,LacI,2.A.2,null,GH65,GH13,null,GH31,GH13_38,GH13,GH13_19,GH97",starch,starch,0.8480000000000001,0.0
MGYG000296252_3|CGC3,"GH32,4.A.1,PfkB,null,2.A.40,2.A.40,9.B.35,CE4",starch,starch,0.492,0.4999999999999999
MGYG000296383_1|CGC8,"GH32,PfkB,4.A.1,LacI,1.B.3",starch,starch,0.5546666666666666,0.003692626953125
MGYG000297315_3|CGC1,"GH38,3.A.1,3.A.1,3.A.1,LacI,GH13_31,3.A.1,3.A.1,3.A.1",starch,starch,0.5486666666666667,0.00048828125
MGYG000296075_5|CGC6,"GH42,GH106,null,GH28,GH2,GH117,CE12|CE12,GH105|CE12,GH105,GH43_17,null,GH105,null,null,GH3,null,GH3,NUDIX,2.A.1",pectin,pectin,0.9246666666666666,0.0
MGYG000296445_22|CGC1,"GH43_1,1.B.14,null,null,CBM16|CBM16|GH10,GH10,null,null,GH10",xylan,xylan,0.7453333333333333,0.0
MGYG000296852_126|CGC1,"GH43_1,2.A.2,GH10",xylan,xylan,0.898,0.0
MGYG000296273_27|CGC1,"GH43_1,2.A.2,GH10,PL9|CBM22",xylan,xylan,0.7126666666666667,0.0
MGYG000296145_5|CGC1,"GH43_1,2.A.2,GH10,PL9|CBM22|CBM22",xylan,xylan,0.6333333333333333,0.0
MGYG000296721_32|CGC1,"GH43_1,GH10,2.A.2,GH10,GH43_12,CBM4|CBM4,null,1.B.14,GH67,HTH_AraC|HTH_AraC,HTH_11|HTH_AraC,2.A.1,PfkB,1.B.14,null,null,GH32,GH32,GH36",xylan,xylan,0.8926666666666667,0.0
MGYG000296075_2|CGC9,"GH43_1,GH10,2.A.2,null,GH115,CE15,GH10,null,null,1.B.14,null,1.B.14,GH43_12,HTH_AraC,GH51,GH8,GH95,GH43_2|CBM6,GH67,GH97,null,null,CE1,CE1,CE1,CE1,CE1,CE1,GH3,GH51,null,GH3,CE1,CE6|GH43_17,GH43_10,GH51,GH146,GH29|CBM32|CBM32,GH42,GH42,GH43_29|CBM6,null,GH5_21,GH43_29|CBM6,CBM57|GH10,GH3,GH97,GH43_12,CE1",xylan,xylan,0.9626666666666668,0.0
MGYG000297053_12|CGC1,"GH43_1,GH10,2.A.2,null,GH115,CE15,GH2,GH43_10,GH43_16|CBM6,GH105,GH95,null,GH29,PL9_2,GH98|CBM35,GH115,GH30_8,null,GH10,null,null,1.B.14,null,1.B.14,GH43_12,HTH_AraC,GH67",xylan,xylan,0.9186666666666666,0.0
MGYG000296602_124|CGC1,"GH43_10,GH105,null,8.A.46",pectin,pectin,0.6113333333333333,0.0
MGYG000296781_3|CGC3,"GH43_11,8.A.5,null,null,3.A.1,3.A.1,3.A.1,3.A.1",xylan,xylan,0.5933333333333334,0.0
MGYG000296356_2|CGC3,"GH43_12,GH115,null,HTH_1,2.A.86,null,GH5_4,HTH_AraC,GH2,null,2.A.1,GH43_1",xylan,xylan,0.8433333333333334,0.0
MGYG000297168_18|CGC2,"GH43_12,GH115,null,null,2.A.1,GH43_1,2.A.56,null,2.A.56",xylan,xylan,0.7573333333333333,0.0
MGYG000297149_33|CGC1,"GH43_12,GH51,CE1,CE1|CE1,CE1,CE1,1.B.14,8.A.46",xylan,xylan,0.4493333333333333,0.982421875
MGYG000296075_5|CGC2,"GH43_24,null,null,GH2,GH2,TPR_2,2.A.1,HTH_AraC|HTH_AraC,GH2,GH31,null,null,GH105,null,null,GH106,null,GH106,2.A.21",pectin,pectin,0.6233333333333333,0.0
MGYG000297003_4|CGC4,"GH53,GH147,GH2,GH53,GH2,null,2.A.21",pectin,pectin,0.532,0.059234619140625
MGYG000296263_31|CGC1,"GH57,null,GH13_20,3.A.1,3.A.1,3.A.1",starch,starch,0.6146666666666667,0.0
MGYG000296393_60|CGC1,"GH5_46,GH30_3,GH16_3,null,null,8.A.46,1.B.14",beta-glucan,beta-glucan,0.6453333333333333,0.0
MGYG000297149_25|CGC2,"GH5_46|CBM6|CBM6,1.B.14,null,GH16_3,GH3,null,1.B.14,TPR_1|TPR_2,1.A.46",beta-glucan,beta-glucan,0.6833333333333333,0.0
MGYG000296759_87|CGC1,"GH5_47|CBM6,null,GH30_3,1.B.14,2.A.1,HTH_AraC,GH30_1",beta-glucan,beta-glucan,0.6033333333333334,0.0
MGYG000296759_15|CGC1,"GH65,2.A.1,SBP_bac_3,Glucokinase,GH31,GH13_23,GH13",starch,starch,0.7693333333333334,0.0
MGYG000296168_3|CGC7,"GH65,3.A.1,3.A.1",starch,starch,0.5820000000000001,3.0517578125e-05
MGYG000296604_64|CGC1,"GH65,3.A.1,3.A.1,3.A.1,3.A.1",starch,starch,0.5866666666666667,3.0517578125e-05
MGYG000296011_5|CGC1,"GH65,GH13,GH13,null,9.A.24",starch,starch,0.7326666666666667,0.0
MGYG000296353_53|CGC1,"GH65,SBP_bac_1,3.A.1,3.A.1,null,1.A.11",starch,starch,0.5613333333333334,0.00048828125
MGYG000296192_8|CGC1,"GH65,SBP_bac_1,GH65,null,3.A.1,3.A.1,GT4",starch,starch,0.604,0.0
MGYG000296365_46|CGC1,"GH66,3.A.1,3.A.1,3.A.1,GH13_20,GT5,GT4",starch,starch,0.7386666666666667,0.0
MGYG000296683_8|CGC3,"GH67,GH10,GH3,2.A.2",xylan,xylan,0.8173333333333334,0.0
MGYG000297500_11|CGC4,"GH67,GH3,GH3,GH10,1.B.14",xylan,xylan,0.7886666666666666,0.0
MGYG000296017_60|CGC1,"GH67,GH67,8.A.5",xylan,xylan,0.534,0.003692626953125
MGYG000297316_7|CGC3,"GH67,GH67,GH10,2.A.2,null,SBP_bac_3,1.B.14",xylan,xylan,0.7893333333333333,0.0
MGYG000296726_1|CGC1,"GH77,GH13_20,3.A.1,3.A.1,3.A.1,4.C.1",starch,starch,0.666,0.0
MGYG000297428_80|CGC1,"GH77,GH57,CBM48|GH13_9,null,null,9.A.25,1.A.1",starch,starch,0.5446666666666666,0.017578125
MGYG000296168_2|CGC4,"GH77,null,HTH_AraC|HTH_AraC,8.A.59,3.A.1,3.A.1,3.A.1,GH31",starch,starch,0.5873333333333334,0.0
MGYG000296499_48|CGC1,"GH77|GH13_26,CBM48|GH13_10,CBM48|GH13_11,GH13_16,GH13_3,CBM48|GH13_9,null,3.A.1",starch,starch,0.5,0.303619384765625
MGYG000297242_121|CGC1,"GH8,4.D.3,GT2",cellulose,cellulose,0.5633333333333332,0.00048828125
MGYG000296898_27|CGC2,"GH9,GH1,1.B.14,GH43_5,Response_reg|ANTAR,null,2.A.1,1.B.25,Pyr_redox_2|NIR_SIR_ferr|NIR_SIR,null,3.D.1,null,2.A.6,2.A.6,2.A.6,2.A.6",beta-glucan,beta-glucan,0.5266666666666667,0.059234619140625
MGYG000296785_67|CGC1,"GH92,2.A.1,GH92",host glycan,host glycan,0.5333333333333333,0.017578125
MGYG000297246_3|CGC1,"GH92,2.A.21,GH130,CBM9,null,PIG-L,2.A.21,null,null,GH3,GH29,GH29,GH20,9.B.158,GH33,1.B.14",host glycan,host glycan,0.8353333333333333,0.0
MGYG000297212_42|CGC1,"GH92,2.A.21,GH130,CBM9,null,null,GH92,GH125",host glycan,host glycan,0.7673333333333333,0.0
MGYG000296095_48|CGC1,"GH92,2.A.21,GH2,9.B.158,GH85,null,null,CBM32,1.B.14,LacI,GH92,2.A.1,null,GH92,GH92,2.A.98",host glycan,host glycan,0.7233333333333333,0.0
MGYG000296020_21|CGC1,"GH92,GH2,9.B.158,GH20",host glycan,host glycan,0.7093333333333334,0.0
MGYG000296191_83|CGC1,"GH92,GH20,9.B.158",host glycan,host glycan,0.6679999999999999,0.0
MGYG000296548_21|CGC1,"GH92,GH20,9.B.158,GT2",host glycan,host glycan,0.7113333333333334,0.0
MGYG000296109_20|CGC1,"GH92,GH20,null,CBM9,GH130,2.A.21,GH92",host glycan,host glycan,0.7546666666666667,0.0
MGYG000297446_32|CGC1,"GH92,GH92,2.A.1",host glycan,host glycan,0.5333333333333333,0.017578125
MGYG000296721_1|CGC3,"GH92,GH92,8.A.46,1.B.14,null,null,GH2|CBM32,null,null,GH20,GH2",host glycan,host glycan,0.8726666666666667,0.0
MGYG000296602_170|CGC1,"GH92,GH92,null,1.B.14",host glycan,host glycan,0.654,0.0
MGYG000297185_5|CGC1,"GH92,Glucokinase,GH20,null,GH2,9.B.158",host glycan,host glycan,0.6913333333333332,0.0
MGYG000296932_24|CGC1,"GH92,null,9.B.158,GH2,8.A.46",host glycan,host glycan,0.6846666666666666,0.0
MGYG000296048_10|CGC2,"GH92,null,GH20,9.B.158",host glycan,host glycan,0.7386666666666667,0.0
MGYG000296181_15|CGC1,"GH92,null,GH92,9.B.102,9.B.102,GT2",host glycan,host glycan,0.4126666666666667,0.999969482421875
MGYG000296393_66|CGC1,"GH92,null,GH97,GH125,null,GH92,2.A.1,GH43_34",host glycan,host glycan,0.6739999999999999,0.0
MGYG000296109_26|CGC1,"GH92|GH92,2.A.1,null,null,GH2,HTH_AraC|HTH_AraC,CE12|CE12,GH2,CE12",pectin,pectin,0.706,0.0
MGYG000296799_1|CGC1,"GH95,CE12,PL10_1,null,null,PL1_5,CE8,CBM35|CE8|PL10,PL1_5|PL1_11|PL1_11,2.A.56,2.A.56,2.A.56",pectin,pectin,0.7173333333333333,0.0
MGYG000296898_16|CGC4,"GH97,GH13_23,GH13,null,1.B.14,LacI,2.A.2",starch,starch,0.8273333333333334,0.0
MGYG000296715_12|CGC1,"GH97,GH13_23,GH13,null,1.B.14,LacI,2.A.2,1.B.71,1.A.11",starch,starch,0.7093333333333334,0.0
MGYG000296436_32|CGC1,"GH97,GH43_29|CBM6,GH43_12,CE1,CE1,CE6|CE1|CE1,GH3,GH95,8.A.46,1.B.14",xylan,xylan,0.7546666666666667,0.0
MGYG000296898_2|CGC5,"GH97,null,LacI,2.A.2",starch,starch,0.662,0.0
MGYG000296878_6|CGC1,"GH97,null,Response_reg,9.B.34,GH13_13,1.B.14,CBM41|GH13_13,2.A.2",starch,starch,0.5926666666666667,0.0
MGYG000297052_41|CGC1,"GT2,1.B.55,null,GH8",cellulose,cellulose,0.4726666666666667,0.940765380859375
MGYG000296886_146|CGC1,"GT2,4.D.3,GH8",cellulose,cellulose,0.5633333333333332,0.00048828125
MGYG000296350_6|CGC1,"GT2,9.B.158,GH20,GH92,null,2.A.1,2.A.9",host glycan,host glycan,0.7,0.0
MGYG000296680_14|CGC1,"GT2,null,null,2.A.21,null,null,GH43_1,2.A.2,GH10,PL9|CBM22",xylan,xylan,0.8206666666666667,0.0
MGYG000297262_54|CGC1,"GT30,GH16_3,GH16_3,null,CBM4,8.A.46,1.B.14",beta-glucan,beta-glucan,0.7926666666666667,0.0
MGYG000297453_1|CGC1,"GT30,GH16_3,GH3,GH16_3,null,null,8.A.46,1.B.14,GerE,LytTR,9.B.33,9.B.153,TetR_N,null,2.A.53,null,null,GT2",beta-glucan,beta-glucan,0.7253333333333334,0.0
MGYG000296081_1|CGC1,"GT30,null,null,GH16_3,GH3,GH16_3,null,8.A.46,1.B.14",beta-glucan,beta-glucan,0.7346666666666667,0.0
MGYG000296390_9|CGC1,"GT35,3.A.1,3.A.1,3.A.1,3.A.1,3.A.1",starch,starch,0.594,3.0517578125e-05
MGYG000296488_79|CGC1,"GT35,GH77,GH13_9,3.A.1,3.A.1,3.A.1,8.A.1,9.B.32",starch,starch,0.6413333333333334,0.0
MGYG000296290_5|CGC1,"GT4,null,2.A.1,GntR,PL17_2|PL17,1.B.14,GntR,PL6|PL6_1,null,CBM32|PL7_5,PL7_5,1.B.14,null,1.A.62",alginate,alginate,0.808,0.0
MGYG000297321_3|CGC1,"GT5,2.A.21,Trans_reg_C,GH2",pectin,pectin,0.5206666666666667,0.15087890625
MGYG000297133_12|CGC1,"GT83,GerE,1.B.14,8.A.46,null,GH16_3,null,8.A.5,null,null,9.B.1",beta-glucan,beta-glucan,0.6126666666666666,0.0
MGYG000296640_1|CGC1,"GT83,null,8.A.46,1.B.14,GH92,GH92,null,CBM9,null,LytTR,CBM47",host glycan,host glycan,0.6313333333333334,0.0
MGYG000297053_5|CGC5,"PL10_3,PL1_2|GH33,8.A.5,CE12,PL1_2,null,PL1_2,null,PL1_2",pectin,pectin,0.8266666666666667,0.0
MGYG000296854_3|CGC1,"PL15_1,3.A.1,3.A.1,3.A.1,3.A.1",alginate,alginate,0.7360000000000001,0.0
MGYG000296066_34|CGC1,"PL17_2|PL17,1.B.14,CBM16|PL7_5,PL6_3,PL7_5",alginate,alginate,0.8393333333333334,0.0
MGYG000296543_31|CGC1,"PL17_2|PL17,AraC_binding,1.B.14",alginate,alginate,0.9266666666666666,0.0
MGYG000296567_99|CGC1,"PL17_2|PL17,AraC_binding,GntR,2.A.1",alginate,alginate,0.9593333333333331,0.0
MGYG000296498_102|CGC1,"PL17_2|PL17,null,GntR,1.B.14",alginate,alginate,0.8493333333333334,0.0
MGYG000297321_1|CGC1,"PL1_5|PL1_5,null,PL1_2,TrmB,null,3.D.4,3.D.4,3.D.4,3.D.4",pectin,pectin,0.6433333333333333,0.0
MGYG000296383_3|CGC1,"PL22|PL22,2.A.21,PL9_1,1.B.35,2.A.21",pectin,pectin,0.6453333333333333,0.0
MGYG000296435_1|CGC2,"PL34,2.A.21,LacI,PL17_2|PL17,2.A.4,null,3.D.2,3.D.2,3.D.2,PfkB,2.A.1,PL6|PL6_1",alginate,alginate,0.8826666666666667,0.0
MGYG000296711_77|CGC1,"PL35,null,1.B.14",host glycan,host glycan,0.4173333333333333,0.999969482421875
MGYG000297276_19|CGC1,"PL6,PL6_1,PL17_2|PL17,AraC_binding,1.B.14",alginate,alginate,0.9866666666666668,0.0
MGYG000296397_139|CGC1,"PL6_1,PL17_2|PL17,AraC_binding,2.A.1",alginate,alginate,0.9853333333333332,0.0
MGYG000296831_49|CGC2,"PL6_3,1.B.14,1.B.14",alginate,alginate,0.466,0.940765380859375
MGYG000296242_48|CGC2,"PL6_3,null,1.B.14,9.B.34",alginate,alginate,0.544,0.003692626953125
MGYG000296356_107|CGC1,"PL6|PL6_1,PL17_2|PL17,AraC_binding,2.A.1",alginate,alginate,0.9926666666666668,0.0
MGYG000296242_48|CGC1,"PL6|PL6_1,PL17_2|PL17,null,2.A.1",alginate,alginate,0.9926666666666668,0.0
MGYG000296882_57|CGC1,"PL7,PL6|PL6_1,PL7_5,PL17_2|PL17,AraC_binding,1.B.14",alginate,alginate,0.9946666666666668,0.0
MGYG000296202_21|CGC1,"PL7,PL6|PL6_1,PL7_5,PL17_2|PL17,AraC_binding,1.B.14,null,null,PL7,GntR,2.A.1",alginate,alginate,0.994,0.0
MGYG000296208_74|CGC1,"PL7,null,PL6|PL6_1,PL7_5,PL17_2|PL17,AraC_binding,1.B.14,8.A.46,null,PL7",alginate,alginate,0.988,0.0
MGYG000296435_25|CGC1,"PL7_5,PL6_3,1.B.14",alginate,alginate,0.6066666666666667,0.0
MGYG000296652_11|CGC2,"PL7_5,PL6_3,1.B.14,CBM32|PL7_5",alginate,alginate,0.634,0.0
MGYG000296077_7|CGC3,"PL7_5,null,PL7_5,1.B.14,null,1.B.52",alginate,alginate,0.6140000000000001,0.0
MGYG000297135_22|CGC1,"PL7_5,null,null,PL7_5,1.B.14,null,null,8.A.59,2.A.21,GH23",alginate,alginate,0.5186666666666667,0.15087890625
MGYG000297060_24|CGC3,"PL7_5,null,null,PL7_5,GntR,1.B.14",alginate,alginate,0.6026666666666667,0.0
MGYG000297071_2|CGC3,"PL9|CBM22,GH10,2.A.2,GH43_1",xylan,xylan,0.7126666666666667,0.0
MGYG000296595_12|CGC1,"PL9|CBM22,GH10,2.A.2,GH43_1,null,2.A.1",xylan,xylan,0.784,0.0
MGYG000296191_22|CGC1,"PL9|CBM22,GH43_1,2.A.2,GH10,PL9|CBM22",xylan,xylan,0.558,0.003692626953125
